/* Tabella Cliente */
/* Num: 1 */
INSERT INTO cliente(email, telefono)
VALUES
(
'dscotti@gmail.com', 4215807124
);

/* Num: 2 */
INSERT INTO cliente(email, telefono)
VALUES
(
'maestro_99@gmail.com', 3269438091
);

/* Num: 3 */
INSERT INTO cliente(email, telefono)
VALUES
(
'homer_simpson@gmail.com', 3328481164
);

/* Num: 4 */
INSERT INTO cliente(email, telefono)
VALUES
(
'marco_123@gmail.com', 1524672401
);

/* Num: 5 */
INSERT INTO cliente(email, telefono)
VALUES
(
'biagio_12@gmail.com', 6221927915
);

/* Num: 6 */
INSERT INTO cliente(email, telefono)
VALUES
(
'laurabiag@gmail.com', 5747332839
);

/* Num: 7 */
INSERT INTO cliente(email, telefono)
VALUES
(
'simon32@gmail.com', 4965016727
);

/* Num: 8 */
INSERT INTO cliente(email, telefono)
VALUES
(
'gestoff7@gmail.com', 8575095222
);

/* Num: 9 */
INSERT INTO cliente(email, telefono)
VALUES
(
'maria_bis8@gmail.com', 8122315755
);

/* Num: 10 */
INSERT INTO cliente(email, telefono)
VALUES
(
'arianna9@gmail.com', 9186001850
);

/* Num: 11 */
INSERT INTO cliente(email, telefono)
VALUES
(
'annalaura32@hotmail.it', 7462924931
);

/* Num: 12 */
INSERT INTO cliente(email, telefono)
VALUES
(
'nelsoncoop@hotmail.it', 6004761457
);

/* Num: 13 */
INSERT INTO cliente(email, telefono)
VALUES
(
'steeve12@hotmail.it', 4174923290
);

/* Num: 14 */
INSERT INTO cliente(email, telefono)
VALUES
(
'jackman@hotmail.it', 6261451035
);

/* Num: 15 */
INSERT INTO cliente(email, telefono)
VALUES
(
'napoli1926@live.com', 7326303289
);

/* Num: 16 */
INSERT INTO cliente(email, telefono)
VALUES
(
'deluca@live.com', 1768779373
);

/* Num: 17 */
INSERT INTO cliente(email, telefono)
VALUES
(
'pearky@live.com', 2246447613
);

/* Num: 18 */
INSERT INTO cliente(email, telefono)
VALUES
(
'rossi64@live.com', 9806508663
);

/* Num: 19 */
INSERT INTO cliente(email, telefono)
VALUES
(
'fabioq@live.com', 2295082490
);

/* Num: 20 */
INSERT INTO cliente(email, telefono)
VALUES
(
'gseldon@yahoo.com', 4698800577
);

/* Num: 21 */
INSERT INTO cliente(email, telefono)
VALUES
(
'mokaale@yahoo.com', 1782938662
);

/* Num: 22 */
INSERT INTO cliente(email, telefono)
VALUES
(
'vqueen@yahoo.com', 7527925670
);

/* Num: 23 */
INSERT INTO cliente(email, telefono)
VALUES
(
'martiy@yahoo.com', 1729297976
);

/* Num: 24 */
INSERT INTO cliente(email, telefono)
VALUES
(
'lucad@live.it', 8422497836
);

/* Num: 25 */
INSERT INTO cliente(email, telefono)
VALUES
(
'andreaio@alice.com', 2203294052
);

/* Tabella Azienda */
/* Num: 1 */
INSERT INTO azienda(p_iva, nome_azienda, nome_titolare, cognome_titolare, n_licenze, cliente_codice)
VALUES
(
'IT00000010215', 'Exor', 'Antonio', 'Lombardi', 23, 16
);

/* Num: 2 */
INSERT INTO azienda(p_iva, nome_azienda, nome_titolare, cognome_titolare, n_licenze, cliente_codice)
VALUES
(
'IT00079760328', 'Enel', 'Federico', 'Battaglia', 23, 17
);

/* Num: 3 */
INSERT INTO azienda(p_iva, nome_azienda, nome_titolare, cognome_titolare, n_licenze, cliente_codice)
VALUES
(
'IT00140390501', 'Generali', 'Chiara', 'Vitali', 23, 18
);

/* Num: 4 */
INSERT INTO azienda(p_iva, nome_azienda, nome_titolare, cognome_titolare, n_licenze, cliente_codice)
VALUES
(
'IT00144659992', 'Eni', 'Gabriele', 'Martino', 23, 19
);

/* Num: 5 */
INSERT INTO azienda(p_iva, nome_azienda, nome_titolare, cognome_titolare, n_licenze, cliente_codice)
VALUES
(
'IT00224320234', 'GSE', 'Sofia', 'Fiore', 23, 20
);

/* Num: 6 */
INSERT INTO azienda(p_iva, nome_azienda, nome_titolare, cognome_titolare, n_licenze, cliente_codice)
VALUES
(
'IT00383590486', 'Poste Italiane', 'Aurora', 'Pellegrino', 23, 21
);

/* Num: 7 */
INSERT INTO azienda(p_iva, nome_azienda, nome_titolare, cognome_titolare, n_licenze, cliente_codice)
VALUES
(
'IT00453840357', 'MSC ', 'Chiara', 'Messina', 23, 22
);

/* Num: 8 */
INSERT INTO azienda(p_iva, nome_azienda, nome_titolare, cognome_titolare, n_licenze, cliente_codice)
VALUES
(
'IT00488410010', 'UniCredit', 'Vincenzo', 'Rizzo', 23, 23
);

/* Num: 9 */
INSERT INTO azienda(p_iva, nome_azienda, nome_titolare, cognome_titolare, n_licenze, cliente_codice)
VALUES
(
'IT00502591209', 'Selex', 'Giovanni', 'Bianchi', 23, 24
);

/* Num: 10 */
INSERT INTO azienda(p_iva, nome_azienda, nome_titolare, cognome_titolare, n_licenze, cliente_codice)
VALUES
(
'IT00697300150', 'Ferrero', 'Elisa', 'Palmieri', 27, 25
);

/* Tabella Privato */
/* Num: 1 */
INSERT INTO privato(codice_fiscale, nome, cognome, cliente_codice)
VALUES
(
'DNGSRB74L20B345L', 'Giacinto', 'Verrilli', 1
);

/* Num: 2 */
INSERT INTO privato(codice_fiscale, nome, cognome, cliente_codice)
VALUES
(
'LSIKSS81E10C312X', 'Aldo', 'Pezzano', 2
);

/* Num: 3 */
INSERT INTO privato(codice_fiscale, nome, cognome, cliente_codice)
VALUES
(
'DCSLSE50T08G334P', 'Estelle', 'Varriale', 3
);

/* Num: 4 */
INSERT INTO privato(codice_fiscale, nome, cognome, cliente_codice)
VALUES
(
'NSTFMN67R05I205B', 'Ivano', 'Grana', 4
);

/* Num: 5 */
INSERT INTO privato(codice_fiscale, nome, cognome, cliente_codice)
VALUES
(
'CLTNKT67D12D022G', 'Ignace', 'Stefanini', 5
);

/* Num: 6 */
INSERT INTO privato(codice_fiscale, nome, cognome, cliente_codice)
VALUES
(
'MNTMNA69E27B538J', 'Donatello', 'Cerone', 6
);

/* Num: 7 */
INSERT INTO privato(codice_fiscale, nome, cognome, cliente_codice)
VALUES
(
'PRDSPR96P16L233H', 'Silverio', 'Sella', 7
);

/* Num: 8 */
INSERT INTO privato(codice_fiscale, nome, cognome, cliente_codice)
VALUES
(
'PNTGTN73C04H340M', 'Irma', 'Medici', 8
);

/* Num: 9 */
INSERT INTO privato(codice_fiscale, nome, cognome, cliente_codice)
VALUES
(
'RFFSNN51M04D830O', 'Nicol', 'Fallone', 9
);

/* Num: 10 */
INSERT INTO privato(codice_fiscale, nome, cognome, cliente_codice)
VALUES
(
'SPRGDN64D22G016N', 'Romilda', 'Polito', 10
);

/* Num: 11 */
INSERT INTO privato(codice_fiscale, nome, cognome, cliente_codice)
VALUES
(
'LLLRTD71E20A218E', 'Cristina', 'Giannoni', 11
);

/* Num: 12 */
INSERT INTO privato(codice_fiscale, nome, cognome, cliente_codice)
VALUES
(
'GRNNMN60E02I758S', 'Silvia', 'Rametta', 12
);

/* Num: 13 */
INSERT INTO privato(codice_fiscale, nome, cognome, cliente_codice)
VALUES
(
'ZNNNLL72D43F374T', 'Marina', 'Costa', 13
);

/* Num: 14 */
INSERT INTO privato(codice_fiscale, nome, cognome, cliente_codice)
VALUES
(
'BRDRGR83P09A385R', 'Morena ', 'Asti', 14
);

/* Num: 15 */
INSERT INTO privato(codice_fiscale, nome, cognome, cliente_codice)
VALUES
(
'MRCJMH63S18B374S', 'Rita', 'Riccio', 15
);

/* Tabella Antivirus */
/* Num: 1 */
INSERT INTO antivirus(nome, versione, tipo)
VALUES
(
'Avast Premium Security', 16, 'antivirus'
);

/* Num: 2 */
INSERT INTO antivirus(nome, versione, tipo)
VALUES
(
'AVG Antivirus', 12, 'antimalware'
);

/* Num: 3 */
INSERT INTO antivirus(nome, versione, tipo)
VALUES
(
'Bitdefender Antivirus Plus', 17, 'antimalware'
);

/* Num: 4 */
INSERT INTO antivirus(nome, versione, tipo)
VALUES
(
'Immunet', 20, 'antispyware'
);

/* Num: 5 */
INSERT INTO antivirus(nome, versione, tipo)
VALUES
(
'ClamWin', 21, 'antimalware'
);

/* Num: 6 */
INSERT INTO antivirus(nome, versione, tipo)
VALUES
(
'Comodo Internet Security', 15, 'antirootkit'
);

/* Num: 7 */
INSERT INTO antivirus(nome, versione, tipo)
VALUES
(
'ESET NOD32 Antivirus', 13, 'antivirus'
);

/* Num: 8 */
INSERT INTO antivirus(nome, versione, tipo)
VALUES
(
'Kaspersky Total Security', 14, 'antiadware'
);

/* Num: 9 */
INSERT INTO antivirus(nome, versione, tipo)
VALUES
(
'McAfee Antivirus', 19, 'antiexploit'
);

/* Num: 10 */
INSERT INTO antivirus(nome, versione, tipo)
VALUES
(
'Norton 360', 18, 'antiexploit'
);

/* Tabella Licenza */
/* Num: 1 */
INSERT INTO licenza(seriale, tipo, prezzo, scadenza, cliente_codice, antivirus_nome)
VALUES
(
'FtB51-HKsk54-45ds3g-4fps5-1dsJ5', 'privato', 385.88, '2022-05-19', 1, 'ClamWin'
);

/* Num: 2 */
INSERT INTO licenza(seriale, tipo, prezzo, scadenza, cliente_codice, antivirus_nome)
VALUES
(
'MbB51-HKsk54-45dsyg-4fxs5-1dsJ5', 'privato', 275.94, '2021-08-31', 2, 'AVG Antivirus'
);

/* Num: 3 */
INSERT INTO licenza(seriale, tipo, prezzo, scadenza, cliente_codice, antivirus_nome)
VALUES
(
'XsB51-HKsk54-45dsdg-4f6s5-1dsJ5', 'privato', 248.03, '2022-06-26', 3, 'ESET NOD32 Antivirus'
);

/* Num: 4 */
INSERT INTO licenza(seriale, tipo, prezzo, scadenza, cliente_codice, antivirus_nome)
VALUES
(
'4fB51-HKsk54-45dszg-4f4s5-1dsJ5', 'privato', 149.06, '2022-02-25', 4, 'ESET NOD32 Antivirus'
);

/* Num: 5 */
INSERT INTO licenza(seriale, tipo, prezzo, scadenza, cliente_codice, antivirus_nome)
VALUES
(
'DyB51-HKsk54-45dscg-4fds5-1dsJ5', 'privato', 94.04, '2022-12-13', 5, 'Norton 360'
);

/* Num: 6 */
INSERT INTO licenza(seriale, tipo, prezzo, scadenza, cliente_codice, antivirus_nome)
VALUES
(
'McB51-HKsk54-45dssg-4fos5-1dsJ5', 'privato', 355.37, '2021-11-14', 6, 'Bitdefender Antivirus Plus'
);

/* Num: 7 */
INSERT INTO licenza(seriale, tipo, prezzo, scadenza, cliente_codice, antivirus_nome)
VALUES
(
'WhB51-HKsk54-45dsjg-4f8s5-1dsJ5', 'privato', 27.22, '2022-03-14', 7, 'Bitdefender Antivirus Plus'
);

/* Num: 8 */
INSERT INTO licenza(seriale, tipo, prezzo, scadenza, cliente_codice, antivirus_nome)
VALUES
(
'LpB51-HKsk54-45ds4g-4fms5-1dsJ5', 'privato', 322.38, '2021-09-03', 8, 'ClamWin'
);

/* Num: 9 */
INSERT INTO licenza(seriale, tipo, prezzo, scadenza, cliente_codice, antivirus_nome)
VALUES
(
'JxB51-HKsk54-45ds5g-4ffs5-1dsJ5', 'privato', 393.49, '2021-04-21', 9, 'Kaspersky Total Security'
);

/* Num: 10 */
INSERT INTO licenza(seriale, tipo, prezzo, scadenza, cliente_codice, antivirus_nome)
VALUES
(
'7dB51-HKsk54-45dshg-4fos5-1dsJ5', 'privato', 272.33, '2021-08-09', 10, 'Avast Premium Security'
);

/* Num: 11 */
INSERT INTO licenza(seriale, tipo, prezzo, scadenza, cliente_codice, antivirus_nome)
VALUES
(
'ZwB51-HKsk54-45dsyg-4frs5-1dsJ5', 'privato', 395.34, '2021-12-28', 11, 'ClamWin'
);

/* Num: 12 */
INSERT INTO licenza(seriale, tipo, prezzo, scadenza, cliente_codice, antivirus_nome)
VALUES
(
'5qB51-HKsk54-45dsng-4fes5-1dsJ5', 'privato', 195.57, '2021-07-11', 12, 'Comodo Internet Security'
);

/* Num: 13 */
INSERT INTO licenza(seriale, tipo, prezzo, scadenza, cliente_codice, antivirus_nome)
VALUES
(
'JrB51-HKsk54-45ds3g-4f9s5-1dsJ5', 'privato', 258.32, '2022-09-07', 13, 'AVG Antivirus'
);

/* Num: 14 */
INSERT INTO licenza(seriale, tipo, prezzo, scadenza, cliente_codice, antivirus_nome)
VALUES
(
'8zB51-HKsk54-45dsug-4fzs5-1dsJ5', 'privato', 161.86, '2022-09-09', 14, 'Kaspersky Total Security'
);

/* Num: 15 */
INSERT INTO licenza(seriale, tipo, prezzo, scadenza, cliente_codice, antivirus_nome)
VALUES
(
'UrB51-HKsk54-45ds6g-4f4s5-1dsJ5', 'privato', 267.88, '2021-02-16', 15, 'ClamWin'
);

/* Num: 16 */
INSERT INTO licenza(seriale, tipo, prezzo, scadenza, cliente_codice, antivirus_nome)
VALUES
(
'SdB51-HKsk54-45dsfg-4f6s5-1dsJ5', 'aziendale', 382.67, '2021-09-21', 16, 'Kaspersky Total Security'
);

/* Num: 17 */
INSERT INTO licenza(seriale, tipo, prezzo, scadenza, cliente_codice, antivirus_nome)
VALUES
(
'PfB51-HKsk54-45dsrg-4f7s5-1dsJ5', 'aziendale', 223.06, '2022-11-03', 16, 'ClamWin'
);

/* Num: 18 */
INSERT INTO licenza(seriale, tipo, prezzo, scadenza, cliente_codice, antivirus_nome)
VALUES
(
'PwB51-HKsk54-45dsog-4fws5-1dsJ5', 'aziendale', 303.02, '2022-03-29', 16, 'AVG Antivirus'
);

/* Num: 19 */
INSERT INTO licenza(seriale, tipo, prezzo, scadenza, cliente_codice, antivirus_nome)
VALUES
(
'JrB51-HKsk54-45dsdg-4fqs5-1dsJ5', 'aziendale', 310.10, '2021-08-05', 16, 'Kaspersky Total Security'
);

/* Num: 20 */
INSERT INTO licenza(seriale, tipo, prezzo, scadenza, cliente_codice, antivirus_nome)
VALUES
(
'PmB51-HKsk54-45dsyg-4f6s5-1dsJ5', 'aziendale', 93.96, '2022-01-15', 16, 'Comodo Internet Security'
);

/* Num: 21 */
INSERT INTO licenza(seriale, tipo, prezzo, scadenza, cliente_codice, antivirus_nome)
VALUES
(
'VnB51-HKsk54-45dssg-4fms5-1dsJ5', 'aziendale', 37.78, '2022-10-09', 16, 'Bitdefender Antivirus Plus'
);

/* Num: 22 */
INSERT INTO licenza(seriale, tipo, prezzo, scadenza, cliente_codice, antivirus_nome)
VALUES
(
'HdB51-HKsk54-45dspg-4f3s5-1dsJ5', 'aziendale', 161.92, '2021-12-04', 16, 'Immunet'
);

/* Num: 23 */
INSERT INTO licenza(seriale, tipo, prezzo, scadenza, cliente_codice, antivirus_nome)
VALUES
(
'HtB51-HKsk54-45dsgg-4fns5-1dsJ5', 'aziendale', 133.45, '2021-04-10', 16, 'AVG Antivirus'
);

/* Num: 24 */
INSERT INTO licenza(seriale, tipo, prezzo, scadenza, cliente_codice, antivirus_nome)
VALUES
(
'FvB51-HKsk54-45dsfg-4fjs5-1dsJ5', 'aziendale', 128.47, '2022-12-07', 16, 'ESET NOD32 Antivirus'
);

/* Num: 25 */
INSERT INTO licenza(seriale, tipo, prezzo, scadenza, cliente_codice, antivirus_nome)
VALUES
(
'SnB51-HKsk54-45dscg-4fgs5-1dsJ5', 'aziendale', 35.78, '2022-12-11', 16, 'Avast Premium Security'
);

/* Num: 26 */
INSERT INTO licenza(seriale, tipo, prezzo, scadenza, cliente_codice, antivirus_nome)
VALUES
(
'PmB51-HKsk54-45ds6g-4fgs5-1dsJ5', 'aziendale', 269.38, '2022-10-25', 16, 'ESET NOD32 Antivirus'
);

/* Num: 27 */
INSERT INTO licenza(seriale, tipo, prezzo, scadenza, cliente_codice, antivirus_nome)
VALUES
(
'PqB51-HKsk54-45dsog-4fus5-1dsJ5', 'aziendale', 165.77, '2022-12-18', 16, 'Bitdefender Antivirus Plus'
);

/* Num: 28 */
INSERT INTO licenza(seriale, tipo, prezzo, scadenza, cliente_codice, antivirus_nome)
VALUES
(
'JmB51-HKsk54-45ds7g-4fts5-1dsJ5', 'aziendale', 35.18, '2021-12-08', 16, 'McAfee Antivirus'
);

/* Num: 29 */
INSERT INTO licenza(seriale, tipo, prezzo, scadenza, cliente_codice, antivirus_nome)
VALUES
(
'DzB51-HKsk54-45dsbg-4fqs5-1dsJ5', 'aziendale', 147.65, '2022-02-06', 16, 'Avast Premium Security'
);

/* Num: 30 */
INSERT INTO licenza(seriale, tipo, prezzo, scadenza, cliente_codice, antivirus_nome)
VALUES
(
'9yB51-HKsk54-45dsbg-4fqs5-1dsJ5', 'aziendale', 376.06, '2022-02-09', 16, 'Comodo Internet Security'
);

/* Num: 31 */
INSERT INTO licenza(seriale, tipo, prezzo, scadenza, cliente_codice, antivirus_nome)
VALUES
(
'3jB51-HKsk54-45ds5g-4fos5-1dsJ5', 'aziendale', 226.62, '2022-03-31', 16, 'Avast Premium Security'
);

/* Num: 32 */
INSERT INTO licenza(seriale, tipo, prezzo, scadenza, cliente_codice, antivirus_nome)
VALUES
(
'EgB51-HKsk54-45dsrg-4fas5-1dsJ5', 'aziendale', 98.56, '2022-01-16', 16, 'McAfee Antivirus'
);

/* Num: 33 */
INSERT INTO licenza(seriale, tipo, prezzo, scadenza, cliente_codice, antivirus_nome)
VALUES
(
'DjB51-HKsk54-45dsig-4fzs5-1dsJ5', 'aziendale', 84.45, '2022-05-24', 16, 'Immunet'
);

/* Num: 34 */
INSERT INTO licenza(seriale, tipo, prezzo, scadenza, cliente_codice, antivirus_nome)
VALUES
(
'SvB51-HKsk54-45dscg-4fas5-1dsJ5', 'aziendale', 106.45, '2021-09-18', 16, 'ESET NOD32 Antivirus'
);

/* Num: 35 */
INSERT INTO licenza(seriale, tipo, prezzo, scadenza, cliente_codice, antivirus_nome)
VALUES
(
'XvB51-HKsk54-45ds7g-4fjs5-1dsJ5', 'aziendale', 373.09, '2021-12-25', 16, 'ESET NOD32 Antivirus'
);

/* Num: 36 */
INSERT INTO licenza(seriale, tipo, prezzo, scadenza, cliente_codice, antivirus_nome)
VALUES
(
'8kB51-HKsk54-45dszg-4fes5-1dsJ5', 'aziendale', 109.64, '2021-04-12', 16, 'Norton 360'
);

/* Num: 37 */
INSERT INTO licenza(seriale, tipo, prezzo, scadenza, cliente_codice, antivirus_nome)
VALUES
(
'AfB51-HKsk54-45dsug-4f4s5-1dsJ5', 'aziendale', 84.42, '2021-05-19', 16, 'Avast Premium Security'
);

/* Num: 38 */
INSERT INTO licenza(seriale, tipo, prezzo, scadenza, cliente_codice, antivirus_nome)
VALUES
(
'ZqB51-HKsk54-45dskg-4fks5-1dsJ5', 'aziendale', 289.08, '2022-02-04', 16, 'Immunet'
);

/* Num: 39 */
INSERT INTO licenza(seriale, tipo, prezzo, scadenza, cliente_codice, antivirus_nome)
VALUES
(
'LmB51-HKsk54-45dseg-4fzs5-1dsJ5', 'aziendale', 99.82, '2021-09-03', 17, 'ESET NOD32 Antivirus'
);

/* Num: 40 */
INSERT INTO licenza(seriale, tipo, prezzo, scadenza, cliente_codice, antivirus_nome)
VALUES
(
'MjB51-HKsk54-45dszg-4fds5-1dsJ5', 'aziendale', 227.28, '2022-09-08', 17, 'Immunet'
);

/* Num: 41 */
INSERT INTO licenza(seriale, tipo, prezzo, scadenza, cliente_codice, antivirus_nome)
VALUES
(
'RgB51-HKsk54-45dsag-4fqs5-1dsJ5', 'aziendale', 30.61, '2022-03-21', 17, 'Norton 360'
);

/* Num: 42 */
INSERT INTO licenza(seriale, tipo, prezzo, scadenza, cliente_codice, antivirus_nome)
VALUES
(
'ZgB51-HKsk54-45dsxg-4frs5-1dsJ5', 'aziendale', 205.47, '2021-06-05', 17, 'Avast Premium Security'
);

/* Num: 43 */
INSERT INTO licenza(seriale, tipo, prezzo, scadenza, cliente_codice, antivirus_nome)
VALUES
(
'JpB51-HKsk54-45dsmg-4fqs5-1dsJ5', 'aziendale', 276.98, '2021-04-03', 17, 'AVG Antivirus'
);

/* Num: 44 */
INSERT INTO licenza(seriale, tipo, prezzo, scadenza, cliente_codice, antivirus_nome)
VALUES
(
'NrB51-HKsk54-45dsjg-4fhs5-1dsJ5', 'aziendale', 261.32, '2022-01-10', 17, 'AVG Antivirus'
);

/* Num: 45 */
INSERT INTO licenza(seriale, tipo, prezzo, scadenza, cliente_codice, antivirus_nome)
VALUES
(
'3qB51-HKsk54-45ds8g-4fjs5-1dsJ5', 'aziendale', 322.31, '2021-06-20', 17, 'Bitdefender Antivirus Plus'
);

/* Num: 46 */
INSERT INTO licenza(seriale, tipo, prezzo, scadenza, cliente_codice, antivirus_nome)
VALUES
(
'XgB51-HKsk54-45dsng-4frs5-1dsJ5', 'aziendale', 376.11, '2022-10-11', 17, 'Immunet'
);

/* Num: 47 */
INSERT INTO licenza(seriale, tipo, prezzo, scadenza, cliente_codice, antivirus_nome)
VALUES
(
'2wB51-HKsk54-45ds4g-4frs5-1dsJ5', 'aziendale', 154.19, '2022-07-31', 17, 'ESET NOD32 Antivirus'
);

/* Num: 48 */
INSERT INTO licenza(seriale, tipo, prezzo, scadenza, cliente_codice, antivirus_nome)
VALUES
(
'SkB51-HKsk54-45dssg-4fhs5-1dsJ5', 'aziendale', 314.60, '2021-07-27', 17, 'Avast Premium Security'
);

/* Num: 49 */
INSERT INTO licenza(seriale, tipo, prezzo, scadenza, cliente_codice, antivirus_nome)
VALUES
(
'XtB51-HKsk54-45dstg-4fzs5-1dsJ5', 'aziendale', 85.75, '2022-10-21', 17, 'ClamWin'
);

/* Num: 50 */
INSERT INTO licenza(seriale, tipo, prezzo, scadenza, cliente_codice, antivirus_nome)
VALUES
(
'LwB51-HKsk54-45ds9g-4fks5-1dsJ5', 'aziendale', 325.27, '2022-12-20', 17, 'Norton 360'
);

/* Num: 51 */
INSERT INTO licenza(seriale, tipo, prezzo, scadenza, cliente_codice, antivirus_nome)
VALUES
(
'2fB51-HKsk54-45dsfg-4fys5-1dsJ5', 'aziendale', 228.36, '2021-03-06', 17, 'ClamWin'
);

/* Num: 52 */
INSERT INTO licenza(seriale, tipo, prezzo, scadenza, cliente_codice, antivirus_nome)
VALUES
(
'XgB51-HKsk54-45ds2g-4fys5-1dsJ5', 'aziendale', 384.32, '2022-09-28', 17, 'Immunet'
);

/* Num: 53 */
INSERT INTO licenza(seriale, tipo, prezzo, scadenza, cliente_codice, antivirus_nome)
VALUES
(
'EpB51-HKsk54-45dsug-4f5s5-1dsJ5', 'aziendale', 267.13, '2021-07-11', 17, 'Kaspersky Total Security'
);

/* Num: 54 */
INSERT INTO licenza(seriale, tipo, prezzo, scadenza, cliente_codice, antivirus_nome)
VALUES
(
'XbB51-HKsk54-45dsig-4fas5-1dsJ5', 'aziendale', 140.61, '2022-08-05', 17, 'Bitdefender Antivirus Plus'
);

/* Num: 55 */
INSERT INTO licenza(seriale, tipo, prezzo, scadenza, cliente_codice, antivirus_nome)
VALUES
(
'9xB51-HKsk54-45dsfg-4fus5-1dsJ5', 'aziendale', 277.61, '2022-09-05', 17, 'McAfee Antivirus'
);

/* Num: 56 */
INSERT INTO licenza(seriale, tipo, prezzo, scadenza, cliente_codice, antivirus_nome)
VALUES
(
'EsB51-HKsk54-45dsvg-4fss5-1dsJ5', 'aziendale', 376.99, '2021-10-13', 17, 'Comodo Internet Security'
);

/* Num: 57 */
INSERT INTO licenza(seriale, tipo, prezzo, scadenza, cliente_codice, antivirus_nome)
VALUES
(
'DtB51-HKsk54-45dsqg-4f2s5-1dsJ5', 'aziendale', 163.43, '2022-05-28', 17, 'Immunet'
);

/* Num: 58 */
INSERT INTO licenza(seriale, tipo, prezzo, scadenza, cliente_codice, antivirus_nome)
VALUES
(
'5yB51-HKsk54-45dsmg-4f3s5-1dsJ5', 'aziendale', 204.03, '2022-12-05', 17, 'ClamWin'
);

/* Num: 59 */
INSERT INTO licenza(seriale, tipo, prezzo, scadenza, cliente_codice, antivirus_nome)
VALUES
(
'7mB51-HKsk54-45ds3g-4fds5-1dsJ5', 'aziendale', 173.16, '2021-06-20', 17, 'Immunet'
);

/* Num: 60 */
INSERT INTO licenza(seriale, tipo, prezzo, scadenza, cliente_codice, antivirus_nome)
VALUES
(
'NgB51-HKsk54-45dsbg-4fqs5-1dsJ5', 'aziendale', 351.18, '2021-10-27', 17, 'Kaspersky Total Security'
);

/* Num: 61 */
INSERT INTO licenza(seriale, tipo, prezzo, scadenza, cliente_codice, antivirus_nome)
VALUES
(
'5wB51-HKsk54-45dsng-4fks5-1dsJ5', 'aziendale', 101.51, '2021-12-04', 17, 'Bitdefender Antivirus Plus'
);

/* Num: 62 */
INSERT INTO licenza(seriale, tipo, prezzo, scadenza, cliente_codice, antivirus_nome)
VALUES
(
'CdB51-HKsk54-45ds6g-4fzs5-1dsJ5', 'aziendale', 94.30, '2022-10-04', 18, 'McAfee Antivirus'
);

/* Num: 63 */
INSERT INTO licenza(seriale, tipo, prezzo, scadenza, cliente_codice, antivirus_nome)
VALUES
(
'MpB51-HKsk54-45ds2g-4fys5-1dsJ5', 'aziendale', 396.64, '2022-03-24', 18, 'McAfee Antivirus'
);

/* Num: 64 */
INSERT INTO licenza(seriale, tipo, prezzo, scadenza, cliente_codice, antivirus_nome)
VALUES
(
'AjB51-HKsk54-45dstg-4fds5-1dsJ5', 'aziendale', 349.73, '2022-08-01', 18, 'Immunet'
);

/* Num: 65 */
INSERT INTO licenza(seriale, tipo, prezzo, scadenza, cliente_codice, antivirus_nome)
VALUES
(
'ZfB51-HKsk54-45dspg-4fbs5-1dsJ5', 'aziendale', 118.67, '2022-12-09', 18, 'Norton 360'
);

/* Num: 66 */
INSERT INTO licenza(seriale, tipo, prezzo, scadenza, cliente_codice, antivirus_nome)
VALUES
(
'TsB51-HKsk54-45dsrg-4f9s5-1dsJ5', 'aziendale', 156.54, '2021-06-05', 18, 'Avast Premium Security'
);

/* Num: 67 */
INSERT INTO licenza(seriale, tipo, prezzo, scadenza, cliente_codice, antivirus_nome)
VALUES
(
'8fB51-HKsk54-45ds6g-4fis5-1dsJ5', 'aziendale', 239.27, '2022-06-27', 18, 'Bitdefender Antivirus Plus'
);

/* Num: 68 */
INSERT INTO licenza(seriale, tipo, prezzo, scadenza, cliente_codice, antivirus_nome)
VALUES
(
'2dB51-HKsk54-45ds7g-4fds5-1dsJ5', 'aziendale', 115.49, '2021-04-21', 18, 'ClamWin'
);

/* Num: 69 */
INSERT INTO licenza(seriale, tipo, prezzo, scadenza, cliente_codice, antivirus_nome)
VALUES
(
'9wB51-HKsk54-45ds4g-4f4s5-1dsJ5', 'aziendale', 169.19, '2022-10-10', 18, 'Avast Premium Security'
);

/* Num: 70 */
INSERT INTO licenza(seriale, tipo, prezzo, scadenza, cliente_codice, antivirus_nome)
VALUES
(
'4gB51-HKsk54-45dsqg-4f4s5-1dsJ5', 'aziendale', 394.87, '2022-10-19', 18, 'McAfee Antivirus'
);

/* Num: 71 */
INSERT INTO licenza(seriale, tipo, prezzo, scadenza, cliente_codice, antivirus_nome)
VALUES
(
'8yB51-HKsk54-45dsng-4fss5-1dsJ5', 'aziendale', 84.82, '2022-08-14', 18, 'Immunet'
);

/* Num: 72 */
INSERT INTO licenza(seriale, tipo, prezzo, scadenza, cliente_codice, antivirus_nome)
VALUES
(
'GxB51-HKsk54-45dscg-4f9s5-1dsJ5', 'aziendale', 286.01, '2022-02-16', 18, 'Avast Premium Security'
);

/* Num: 73 */
INSERT INTO licenza(seriale, tipo, prezzo, scadenza, cliente_codice, antivirus_nome)
VALUES
(
'PnB51-HKsk54-45dsfg-4f4s5-1dsJ5', 'aziendale', 116.87, '2022-03-08', 18, 'Norton 360'
);

/* Num: 74 */
INSERT INTO licenza(seriale, tipo, prezzo, scadenza, cliente_codice, antivirus_nome)
VALUES
(
'WxB51-HKsk54-45dshg-4fms5-1dsJ5', 'aziendale', 306.08, '2022-05-05', 18, 'McAfee Antivirus'
);

/* Num: 75 */
INSERT INTO licenza(seriale, tipo, prezzo, scadenza, cliente_codice, antivirus_nome)
VALUES
(
'3bB51-HKsk54-45ds3g-4f6s5-1dsJ5', 'aziendale', 371.62, '2022-02-04', 18, 'ESET NOD32 Antivirus'
);

/* Num: 76 */
INSERT INTO licenza(seriale, tipo, prezzo, scadenza, cliente_codice, antivirus_nome)
VALUES
(
'XxB51-HKsk54-45dsug-4fks5-1dsJ5', 'aziendale', 212.62, '2022-12-01', 18, 'Kaspersky Total Security'
);

/* Num: 77 */
INSERT INTO licenza(seriale, tipo, prezzo, scadenza, cliente_codice, antivirus_nome)
VALUES
(
'NpB51-HKsk54-45dscg-4fos5-1dsJ5', 'aziendale', 160.51, '2022-08-22', 18, 'AVG Antivirus'
);

/* Num: 78 */
INSERT INTO licenza(seriale, tipo, prezzo, scadenza, cliente_codice, antivirus_nome)
VALUES
(
'GgB51-HKsk54-45dsfg-4fas5-1dsJ5', 'aziendale', 100.96, '2022-07-15', 18, 'McAfee Antivirus'
);

/* Num: 79 */
INSERT INTO licenza(seriale, tipo, prezzo, scadenza, cliente_codice, antivirus_nome)
VALUES
(
'JmB51-HKsk54-45dsig-4f7s5-1dsJ5', 'aziendale', 282.73, '2022-09-20', 18, 'Comodo Internet Security'
);

/* Num: 80 */
INSERT INTO licenza(seriale, tipo, prezzo, scadenza, cliente_codice, antivirus_nome)
VALUES
(
'LdB51-HKsk54-45dsng-4fms5-1dsJ5', 'aziendale', 119.11, '2021-07-11', 18, 'McAfee Antivirus'
);

/* Tabella Sistema Afflitto */
/* Num: 1 */
INSERT INTO sistema_afflitto(nome)
VALUES
(
'Android'
);

/* Num: 2 */
INSERT INTO sistema_afflitto(nome)
VALUES
(
'IOS'
);

/* Num: 3 */
INSERT INTO sistema_afflitto(nome)
VALUES
(
'Linux'
);

/* Num: 4 */
INSERT INTO sistema_afflitto(nome)
VALUES
(
'MacOS'
);

/* Num: 5 */
INSERT INTO sistema_afflitto(nome)
VALUES
(
'Windows'
);

/* Tabella Virus Conosciuto */
/* Num: 1 */
INSERT INTO virus_conosciuto(nome, tipo, data_primo_rilevamento, data_aggiornamento)
VALUES
(
'CL.Downloader!gen122', 'Trojan', '2019-12-11', '2019-12-22'
);

/* Num: 2 */
INSERT INTO virus_conosciuto(nome, tipo, data_primo_rilevamento, data_aggiornamento)
VALUES
(
'Exp.CVE-2019-1429', 'Trojan', '2019-12-11', '2019-12-21'
);

/* Num: 3 */
INSERT INTO virus_conosciuto(nome, tipo, data_primo_rilevamento, data_aggiornamento)
VALUES
(
'ISB.Downloader!gen313', 'Trojan', '2019-12-11', '2019-12-29'
);

/* Num: 4 */
INSERT INTO virus_conosciuto(nome, tipo, data_primo_rilevamento, data_aggiornamento)
VALUES
(
'Ransom.Lilocked', 'Trojan', '2019-12-09', '2019-12-27'
);

/* Num: 5 */
INSERT INTO virus_conosciuto(nome, tipo, data_primo_rilevamento, data_aggiornamento)
VALUES
(
'W64.Cridex!gen8', 'Trojan', '2019-12-08', '2019-12-22'
);

/* Num: 6 */
INSERT INTO virus_conosciuto(nome, tipo, data_primo_rilevamento, data_aggiornamento)
VALUES
(
'ISB.Downloader!gen314', 'Trojan', '2019-11-11', '2019-12-12'
);

/* Num: 7 */
INSERT INTO virus_conosciuto(nome, tipo, data_primo_rilevamento, data_aggiornamento)
VALUES
(
'FixToolFraud', 'Misleading Application', '2019-11-06', '2019-12-19'
);

/* Num: 8 */
INSERT INTO virus_conosciuto(nome, tipo, data_primo_rilevamento, data_aggiornamento)
VALUES
(
'Hacktool.Safetykatz', 'Hoax', '2019-11-06', '2019-12-29'
);

/* Num: 9 */
INSERT INTO virus_conosciuto(nome, tipo, data_primo_rilevamento, data_aggiornamento)
VALUES
(
'November_17th.800.A', 'Virus', '2019-11-06', '2019-12-12'
);

/* Num: 10 */
INSERT INTO virus_conosciuto(nome, tipo, data_primo_rilevamento, data_aggiornamento)
VALUES
(
'OSX.Calisto', 'Trojan', '2019-11-04', '2019-12-13'
);

/* Num: 11 */
INSERT INTO virus_conosciuto(nome, tipo, data_primo_rilevamento, data_aggiornamento)
VALUES
(
'VBS.Rosekernel!g1', 'Trojan Worm', '2019-11-04', '2019-12-24'
);

/* Num: 12 */
INSERT INTO virus_conosciuto(nome, tipo, data_primo_rilevamento, data_aggiornamento)
VALUES
(
'Your Screen Name Hoax', 'Hoax', '2019-11-04', '2019-12-26'
);

/* Num: 13 */
INSERT INTO virus_conosciuto(nome, tipo, data_primo_rilevamento, data_aggiornamento)
VALUES
(
'Ransom.Nemty', 'Trojan', '2019-11-03', '2019-12-13'
);

/* Num: 14 */
INSERT INTO virus_conosciuto(nome, tipo, data_primo_rilevamento, data_aggiornamento)
VALUES
(
'W32.Extrat.C', 'Trojan', '2019-11-03', '2019-12-20'
);

/* Num: 15 */
INSERT INTO virus_conosciuto(nome, tipo, data_primo_rilevamento, data_aggiornamento)
VALUES
(
'ACM.Excel!g255', 'Trojan', '2019-11-02', '2019-12-17'
);

/* Num: 16 */
INSERT INTO virus_conosciuto(nome, tipo, data_primo_rilevamento, data_aggiornamento)
VALUES
(
'Backdoor.Gocon', 'Trojan', '2019-11-02', '2019-12-22'
);

/* Num: 17 */
INSERT INTO virus_conosciuto(nome, tipo, data_primo_rilevamento, data_aggiornamento)
VALUES
(
'CL.Downloader!gen144', 'Trojan', '2019-11-02', '2019-12-15'
);

/* Num: 18 */
INSERT INTO virus_conosciuto(nome, tipo, data_primo_rilevamento, data_aggiornamento)
VALUES
(
'Downloader.Keapot', 'Trojan', '2019-11-02', '2019-12-17'
);

/* Num: 19 */
INSERT INTO virus_conosciuto(nome, tipo, data_primo_rilevamento, data_aggiornamento)
VALUES
(
'Gamevance!gen6', 'Potentially Unwanted App', '2019-11-02', '2019-12-16'
);

/* Num: 20 */
INSERT INTO virus_conosciuto(nome, tipo, data_primo_rilevamento, data_aggiornamento)
VALUES
(
'CL.Downloader!gen130', 'Trojan', '2019-10-12', '2019-11-15'
);

/* Num: 21 */
INSERT INTO virus_conosciuto(nome, tipo, data_primo_rilevamento, data_aggiornamento)
VALUES
(
'Downloader.Zacinlo', 'Trojan', '2019-10-10', '2019-12-20'
);

/* Num: 22 */
INSERT INTO virus_conosciuto(nome, tipo, data_primo_rilevamento, data_aggiornamento)
VALUES
(
'CL.Downloader!gen110', 'Trojan', '2019-10-04', '2019-12-22'
);

/* Num: 23 */
INSERT INTO virus_conosciuto(nome, tipo, data_primo_rilevamento, data_aggiornamento)
VALUES
(
'Exp.CVE-2017-11882!g4', 'Trojan', '2019-10-04', '2019-12-17'
);

/* Num: 24 */
INSERT INTO virus_conosciuto(nome, tipo, data_primo_rilevamento, data_aggiornamento)
VALUES
(
'Exp.CVE-2019-0859', 'Trojan', '2019-10-04', '2019-12-21'
);

/* Num: 25 */
INSERT INTO virus_conosciuto(nome, tipo, data_primo_rilevamento, data_aggiornamento)
VALUES
(
'Miner.Softminer', 'Potentially Unwanted App', '2019-10-04', '2019-12-26'
);

/* Num: 26 */
INSERT INTO virus_conosciuto(nome, tipo, data_primo_rilevamento, data_aggiornamento)
VALUES
(
'Netbus.160.Dropper', 'Trojan', '2019-10-04', '2019-11-27'
);

/* Num: 27 */
INSERT INTO virus_conosciuto(nome, tipo, data_primo_rilevamento, data_aggiornamento)
VALUES
(
'OSX.Miner.XMRig!g1', 'Potentially Unwanted App', '2019-10-04', '2019-11-19'
);

/* Num: 28 */
INSERT INTO virus_conosciuto(nome, tipo, data_primo_rilevamento, data_aggiornamento)
VALUES
(
'VBS.Rosekernel', 'Trojan Worm', '2019-10-04', '2019-11-18'
);

/* Num: 29 */
INSERT INTO virus_conosciuto(nome, tipo, data_primo_rilevamento, data_aggiornamento)
VALUES
(
'Trojan.Zerocleare', 'Virus', '2019-10-04', '2019-11-26'
);

/* Num: 30 */
INSERT INTO virus_conosciuto(nome, tipo, data_primo_rilevamento, data_aggiornamento)
VALUES
(
'Downloader.Zacinlo!g1', 'Trojan', '2019-09-10', '2019-11-20'
);

/* Num: 31 */
INSERT INTO virus_conosciuto(nome, tipo, data_primo_rilevamento, data_aggiornamento)
VALUES
(
'ISB.Dropper!gen15', 'Trojan', '2019-09-10', '2019-11-21'
);

/* Num: 32 */
INSERT INTO virus_conosciuto(nome, tipo, data_primo_rilevamento, data_aggiornamento)
VALUES
(
'Trojan.Reaver!gen1', 'Trojan', '2019-09-09', '2019-11-28'
);

/* Num: 33 */
INSERT INTO virus_conosciuto(nome, tipo, data_primo_rilevamento, data_aggiornamento)
VALUES
(
'Zag.1106', 'Trojan Horse Virus', '2019-09-09', '2019-11-22'
);

/* Num: 34 */
INSERT INTO virus_conosciuto(nome, tipo, data_primo_rilevamento, data_aggiornamento)
VALUES
(
'W97M.Downloader!gen36', 'Trojan', '2019-09-07', '2019-11-26'
);

/* Num: 35 */
INSERT INTO virus_conosciuto(nome, tipo, data_primo_rilevamento, data_aggiornamento)
VALUES
(
'Trojan.Chinchop', 'Trojan', '2019-09-07', '2019-11-15'
);

/* Num: 36 */
INSERT INTO virus_conosciuto(nome, tipo, data_primo_rilevamento, data_aggiornamento)
VALUES
(
'W32.Bulehero', 'Worm', '2019-09-05', '2019-11-14'
);

/* Num: 37 */
INSERT INTO virus_conosciuto(nome, tipo, data_primo_rilevamento, data_aggiornamento)
VALUES
(
'Trojan.Dupanyl!gm', 'Trojan', '2019-09-05', '2019-11-28'
);

/* Num: 38 */
INSERT INTO virus_conosciuto(nome, tipo, data_primo_rilevamento, data_aggiornamento)
VALUES
(
'ISB.Downloader!gen310', 'Trojan', '2019-08-11', '2019-09-14'
);

/* Num: 39 */
INSERT INTO virus_conosciuto(nome, tipo, data_primo_rilevamento, data_aggiornamento)
VALUES
(
'W32.Qakbot!gen20', 'Virus', '2019-08-05', '2019-09-13'
);

/* Num: 40 */
INSERT INTO virus_conosciuto(nome, tipo, data_primo_rilevamento, data_aggiornamento)
VALUES
(
'Trojan.Spoofane', 'Trojan', '2019-08-05', '2019-09-17'
);

/* Num: 41 */
INSERT INTO virus_conosciuto(nome, tipo, data_primo_rilevamento, data_aggiornamento)
VALUES
(
'ISB.Downloader!gen330', 'Trojan', '2019-07-11', '2019-09-27'
);

/* Num: 42 */
INSERT INTO virus_conosciuto(nome, tipo, data_primo_rilevamento, data_aggiornamento)
VALUES
(
'Exp.CVE-2017-11774', 'Trojan', '2019-07-07', '2019-09-21'
);

/* Num: 43 */
INSERT INTO virus_conosciuto(nome, tipo, data_primo_rilevamento, data_aggiornamento)
VALUES
(
'ISB.Downloader!gen318', 'Trojan', '2019-07-05', '2019-09-18'
);

/* Num: 44 */
INSERT INTO virus_conosciuto(nome, tipo, data_primo_rilevamento, data_aggiornamento)
VALUES
(
'MSH.Backdoor!g1', 'Trojan', '2019-07-05', '2019-09-29'
);

/* Num: 45 */
INSERT INTO virus_conosciuto(nome, tipo, data_primo_rilevamento, data_aggiornamento)
VALUES
(
'ACM.DocView!g1', 'Trojan', '2019-06-08', '2019-09-21'
);

/* Num: 46 */
INSERT INTO virus_conosciuto(nome, tipo, data_primo_rilevamento, data_aggiornamento)
VALUES
(
'ACM.DocView!g2', 'Trojan', '2019-06-08', '2019-09-15'
);

/* Num: 47 */
INSERT INTO virus_conosciuto(nome, tipo, data_primo_rilevamento, data_aggiornamento)
VALUES
(
'ACM.DocView!g25', 'Trojan', '2019-06-08', '2019-09-24'
);

/* Num: 48 */
INSERT INTO virus_conosciuto(nome, tipo, data_primo_rilevamento, data_aggiornamento)
VALUES
(
'ACM.DocView!g26', 'Trojan', '2019-06-08', '2019-09-28'
);

/* Num: 49 */
INSERT INTO virus_conosciuto(nome, tipo, data_primo_rilevamento, data_aggiornamento)
VALUES
(
'ACM.DocView!g27', 'Trojan', '2019-06-08', '2019-09-20'
);

/* Num: 50 */
INSERT INTO virus_conosciuto(nome, tipo, data_primo_rilevamento, data_aggiornamento)
VALUES
(
'ACM.DocView!g28', 'Trojan', '2019-06-08', '2019-09-27'
);

/* Num: 51 */
INSERT INTO virus_conosciuto(nome, tipo, data_primo_rilevamento, data_aggiornamento)
VALUES
(
'ACM.DocView!g29', 'Trojan', '2019-06-08', '2019-09-09'
);

/* Num: 52 */
INSERT INTO virus_conosciuto(nome, tipo, data_primo_rilevamento, data_aggiornamento)
VALUES
(
'Backdoor.Netegol!gm', 'Trojan', '2019-06-08', '2019-09-19'
);

/* Num: 53 */
INSERT INTO virus_conosciuto(nome, tipo, data_primo_rilevamento, data_aggiornamento)
VALUES
(
'Backdoor.Hyperbro', 'Trojan', '2019-06-08', '2019-09-23'
);

/* Num: 54 */
INSERT INTO virus_conosciuto(nome, tipo, data_primo_rilevamento, data_aggiornamento)
VALUES
(
'Backdoor.Priwidd', 'Trojan', '2019-06-08', '2019-09-28'
);

/* Num: 55 */
INSERT INTO virus_conosciuto(nome, tipo, data_primo_rilevamento, data_aggiornamento)
VALUES
(
'CL.Downloader!gen123', 'Trojan', '2019-06-08', '2019-09-17'
);

/* Num: 56 */
INSERT INTO virus_conosciuto(nome, tipo, data_primo_rilevamento, data_aggiornamento)
VALUES
(
'Exp.CVE-2019-1367', 'Trojan', '2019-06-08', '2019-09-16'
);

/* Num: 57 */
INSERT INTO virus_conosciuto(nome, tipo, data_primo_rilevamento, data_aggiornamento)
VALUES
(
'FilesSecure', 'Misleading Application', '2019-06-08', '2019-09-18'
);

/* Num: 58 */
INSERT INTO virus_conosciuto(nome, tipo, data_primo_rilevamento, data_aggiornamento)
VALUES
(
'JS.Deehunp', 'Worm', '2019-06-08', '2019-09-20'
);

/* Num: 59 */
INSERT INTO virus_conosciuto(nome, tipo, data_primo_rilevamento, data_aggiornamento)
VALUES
(
'X97M.Goldendrop', 'Trojan', '2019-06-08', '2019-09-24'
);

/* Num: 60 */
INSERT INTO virus_conosciuto(nome, tipo, data_primo_rilevamento, data_aggiornamento)
VALUES
(
'ACM.DocView!g12', 'Trojan', '2019-06-08', '2019-09-24'
);

/* Num: 61 */
INSERT INTO virus_conosciuto(nome, tipo, data_primo_rilevamento, data_aggiornamento)
VALUES
(
'ACM.DocVew!g232', 'Trojan', '2019-06-08', '2019-09-15'
);

/* Num: 62 */
INSERT INTO virus_conosciuto(nome, tipo, data_primo_rilevamento, data_aggiornamento)
VALUES
(
'ACM.DocView!g254', 'Trojan', '2019-06-08', '2019-09-29'
);

/* Num: 63 */
INSERT INTO virus_conosciuto(nome, tipo, data_primo_rilevamento, data_aggiornamento)
VALUES
(
'ACM.DocView!g266', 'Trojan', '2019-06-08', '2019-09-24'
);

/* Num: 64 */
INSERT INTO virus_conosciuto(nome, tipo, data_primo_rilevamento, data_aggiornamento)
VALUES
(
'ACM.DocView!g27l', 'Trojan', '2019-06-08', '2019-09-18'
);

/* Num: 65 */
INSERT INTO virus_conosciuto(nome, tipo, data_primo_rilevamento, data_aggiornamento)
VALUES
(
'ACM.DocView!28', 'Trojan', '2019-06-08', '2019-09-26'
);

/* Num: 66 */
INSERT INTO virus_conosciuto(nome, tipo, data_primo_rilevamento, data_aggiornamento)
VALUES
(
'ACM.DocView!g29i', 'Trojan', '2019-06-08', '2019-09-19'
);

/* Num: 67 */
INSERT INTO virus_conosciuto(nome, tipo, data_primo_rilevamento, data_aggiornamento)
VALUES
(
'ACM.DocView!g232', 'Trojan', '2019-06-08', '2019-09-28'
);

/* Num: 68 */
INSERT INTO virus_conosciuto(nome, tipo, data_primo_rilevamento, data_aggiornamento)
VALUES
(
'Exp.CVE-2019-0752!g1', 'Trojan', '2019-06-06', '2019-09-21'
);

/* Num: 69 */
INSERT INTO virus_conosciuto(nome, tipo, data_primo_rilevamento, data_aggiornamento)
VALUES
(
'OSX.Malcol.3', 'Trojan', '2019-05-09', '2019-07-26'
);

/* Num: 70 */
INSERT INTO virus_conosciuto(nome, tipo, data_primo_rilevamento, data_aggiornamento)
VALUES
(
'Backdoor.Wellmess', 'Trojan', '2019-04-11', '2019-07-23'
);

/* Num: 71 */
INSERT INTO virus_conosciuto(nome, tipo, data_primo_rilevamento, data_aggiornamento)
VALUES
(
'Backdoor.Hyperbro!gm', 'Trojan', '2019-04-11', '2019-07-29'
);

/* Num: 72 */
INSERT INTO virus_conosciuto(nome, tipo, data_primo_rilevamento, data_aggiornamento)
VALUES
(
'Ransom.Hybirdmy', 'Trojan', '2019-04-09', '2019-07-27'
);

/* Num: 73 */
INSERT INTO virus_conosciuto(nome, tipo, data_primo_rilevamento, data_aggiornamento)
VALUES
(
'Ransom.Hybirdmy!g1', 'Trojan', '2019-04-09', '2019-07-14'
);

/* Num: 74 */
INSERT INTO virus_conosciuto(nome, tipo, data_primo_rilevamento, data_aggiornamento)
VALUES
(
'Trojan.Varenyky', 'Trojan', '2019-04-09', '2019-07-15'
);

/* Num: 75 */
INSERT INTO virus_conosciuto(nome, tipo, data_primo_rilevamento, data_aggiornamento)
VALUES
(
'FileExec', 'Security Assessment Tool', '2019-04-07', '2019-07-23'
);

/* Num: 76 */
INSERT INTO virus_conosciuto(nome, tipo, data_primo_rilevamento, data_aggiornamento)
VALUES
(
'Hacktool.Sharphound', 'Hoax', '2019-04-07', '2019-07-15'
);

/* Num: 77 */
INSERT INTO virus_conosciuto(nome, tipo, data_primo_rilevamento, data_aggiornamento)
VALUES
(
'MSH.Dropper', 'Potentially Unwanted App', '2019-04-07', '2019-07-21'
);

/* Num: 78 */
INSERT INTO virus_conosciuto(nome, tipo, data_primo_rilevamento, data_aggiornamento)
VALUES
(
'No_Frills.Dudley', 'Virus', '2019-04-07', '2019-07-25'
);

/* Num: 79 */
INSERT INTO virus_conosciuto(nome, tipo, data_primo_rilevamento, data_aggiornamento)
VALUES
(
'Linux.Speakup', 'Trojan', '2019-04-02', '2019-07-26'
);

/* Num: 80 */
INSERT INTO virus_conosciuto(nome, tipo, data_primo_rilevamento, data_aggiornamento)
VALUES
(
'Ransom.Buran', 'Trojan', '2019-04-02', '2019-07-15'
);

/* Num: 81 */
INSERT INTO virus_conosciuto(nome, tipo, data_primo_rilevamento, data_aggiornamento)
VALUES
(
'Gamevance!gen1', 'Potentially Unwanted App', '2019-03-12', '2019-07-18'
);

/* Num: 82 */
INSERT INTO virus_conosciuto(nome, tipo, data_primo_rilevamento, data_aggiornamento)
VALUES
(
'Google Trojan Hoax', 'Hoax', '2019-03-12', '2019-07-14'
);

/* Num: 83 */
INSERT INTO virus_conosciuto(nome, tipo, data_primo_rilevamento, data_aggiornamento)
VALUES
(
'Got You Hoax', 'Hoax', '2019-03-12', '2019-07-24'
);

/* Num: 84 */
INSERT INTO virus_conosciuto(nome, tipo, data_primo_rilevamento, data_aggiornamento)
VALUES
(
'Heur.Malcode!gen4', 'Trojan', '2019-03-12', '2019-07-25'
);

/* Num: 85 */
INSERT INTO virus_conosciuto(nome, tipo, data_primo_rilevamento, data_aggiornamento)
VALUES
(
'Hacktool.Rotpotato!g1', 'Hoax', '2019-03-12', '2019-07-14'
);

/* Num: 86 */
INSERT INTO virus_conosciuto(nome, tipo, data_primo_rilevamento, data_aggiornamento)
VALUES
(
'Hacktool.Rotpotato', 'Hoax', '2019-03-12', '2019-07-24'
);

/* Num: 87 */
INSERT INTO virus_conosciuto(nome, tipo, data_primo_rilevamento, data_aggiornamento)
VALUES
(
'Hacktool.Avet', 'Hoax', '2019-03-12', '2019-07-26'
);

/* Num: 88 */
INSERT INTO virus_conosciuto(nome, tipo, data_primo_rilevamento, data_aggiornamento)
VALUES
(
'Hacktool.Foxplace', 'Hoax', '2019-03-12', '2019-07-13'
);

/* Num: 89 */
INSERT INTO virus_conosciuto(nome, tipo, data_primo_rilevamento, data_aggiornamento)
VALUES
(
'ISB.Downloader!gen324', 'Trojan', '2019-03-12', '2019-07-26'
);

/* Num: 90 */
INSERT INTO virus_conosciuto(nome, tipo, data_primo_rilevamento, data_aggiornamento)
VALUES
(
'JS.Heur.SNIC.2', 'Trojan', '2019-03-12', '2019-07-29'
);

/* Num: 91 */
INSERT INTO virus_conosciuto(nome, tipo, data_primo_rilevamento, data_aggiornamento)
VALUES
(
'JS.Cloud.2', 'Trojan', '2019-03-12', '2019-07-14'
);

/* Num: 92 */
INSERT INTO virus_conosciuto(nome, tipo, data_primo_rilevamento, data_aggiornamento)
VALUES
(
'JS.Cloud.4', 'Trojan', '2019-03-12', '2019-07-18'
);

/* Num: 93 */
INSERT INTO virus_conosciuto(nome, tipo, data_primo_rilevamento, data_aggiornamento)
VALUES
(
'Kleneu66 Hoax', 'Hoax', '2019-03-12', '2019-07-19'
);

/* Num: 94 */
INSERT INTO virus_conosciuto(nome, tipo, data_primo_rilevamento, data_aggiornamento)
VALUES
(
'Miner.Kingminer', 'Potentially Unwanted App', '2019-03-12', '2019-07-26'
);

/* Num: 95 */
INSERT INTO virus_conosciuto(nome, tipo, data_primo_rilevamento, data_aggiornamento)
VALUES
(
'POL.B.PECMsbuild', 'Trojan', '2019-03-12', '2019-07-29'
);

/* Num: 96 */
INSERT INTO virus_conosciuto(nome, tipo, data_primo_rilevamento, data_aggiornamento)
VALUES
(
'POL.B.PECPsexesvc', 'Trojan', '2019-03-12', '2019-07-25'
);

/* Num: 97 */
INSERT INTO virus_conosciuto(nome, tipo, data_primo_rilevamento, data_aggiornamento)
VALUES
(
'POL.B.PSTBitsadmin', 'Trojan', '2019-03-12', '2019-07-17'
);

/* Num: 98 */
INSERT INTO virus_conosciuto(nome, tipo, data_primo_rilevamento, data_aggiornamento)
VALUES
(
'POL.B.PSTCscriptPdfRd', 'Trojan', '2019-03-12', '2019-07-15'
);

/* Num: 99 */
INSERT INTO virus_conosciuto(nome, tipo, data_primo_rilevamento, data_aggiornamento)
VALUES
(
'POL.B.PSTMshtaOffice', 'Trojan', '2019-03-12', '2019-07-16'
);

/* Num: 100 */
INSERT INTO virus_conosciuto(nome, tipo, data_primo_rilevamento, data_aggiornamento)
VALUES
(
'POL.B.PSTMshtaPdfRd', 'Trojan', '2019-03-12', '2019-07-07'
);

/* Num: 101 */
INSERT INTO virus_conosciuto(nome, tipo, data_primo_rilevamento, data_aggiornamento)
VALUES
(
'POL.B.PSTPowershPdfRd', 'Trojan', '2019-03-12', '2019-07-28'
);

/* Num: 102 */
INSERT INTO virus_conosciuto(nome, tipo, data_primo_rilevamento, data_aggiornamento)
VALUES
(
'POL.B.PSTPowshOffice', 'Trojan', '2019-03-12', '2019-07-23'
);

/* Num: 103 */
INSERT INTO virus_conosciuto(nome, tipo, data_primo_rilevamento, data_aggiornamento)
VALUES
(
'POL.B.PSTWscriptOffic', 'Trojan', '2019-03-12', '2019-07-27'
);

/* Num: 104 */
INSERT INTO virus_conosciuto(nome, tipo, data_primo_rilevamento, data_aggiornamento)
VALUES
(
'POL.B.PSTWscriptPdfRd', 'Trojan', '2019-03-12', '2019-07-15'
);

/* Num: 105 */
INSERT INTO virus_conosciuto(nome, tipo, data_primo_rilevamento, data_aggiornamento)
VALUES
(
'QRry', 'Virus', '2019-03-12', '2019-07-18'
);

/* Num: 106 */
INSERT INTO virus_conosciuto(nome, tipo, data_primo_rilevamento, data_aggiornamento)
VALUES
(
'XLGuarder', 'Misleading Application', '2019-03-12', '2019-07-19'
);

/* Num: 107 */
INSERT INTO virus_conosciuto(nome, tipo, data_primo_rilevamento, data_aggiornamento)
VALUES
(
'Backdoor.Lookback', 'Trojan', '2019-03-11', '2019-07-15'
);

/* Num: 108 */
INSERT INTO virus_conosciuto(nome, tipo, data_primo_rilevamento, data_aggiornamento)
VALUES
(
'W64.Flobal', 'Trojan', '2019-03-11', '2019-07-17'
);

/* Num: 109 */
INSERT INTO virus_conosciuto(nome, tipo, data_primo_rilevamento, data_aggiornamento)
VALUES
(
'ACM.PowerPoint!g25u', 'Trojan', '2019-03-01', '2019-05-20'
);

/* Num: 110 */
INSERT INTO virus_conosciuto(nome, tipo, data_primo_rilevamento, data_aggiornamento)
VALUES
(
'ACM.Word!g25p', 'Trojan', '2019-03-01', '2019-05-29'
);

/* Num: 111 */
INSERT INTO virus_conosciuto(nome, tipo, data_primo_rilevamento, data_aggiornamento)
VALUES
(
'Backdoor.Syskit', 'Trojan', '2019-03-01', '2019-05-19'
);

/* Num: 112 */
INSERT INTO virus_conosciuto(nome, tipo, data_primo_rilevamento, data_aggiornamento)
VALUES
(
'Backdoor.Pymet', 'Trojan', '2019-03-01', '2019-05-15'
);

/* Num: 113 */
INSERT INTO virus_conosciuto(nome, tipo, data_primo_rilevamento, data_aggiornamento)
VALUES
(
'CL.Downloader!gen147', 'Trojan', '2019-03-01', '2019-05-26'
);

/* Num: 114 */
INSERT INTO virus_conosciuto(nome, tipo, data_primo_rilevamento, data_aggiornamento)
VALUES
(
'CL.Downloader!gen131', 'Trojan', '2019-03-01', '2019-05-13'
);

/* Num: 115 */
INSERT INTO virus_conosciuto(nome, tipo, data_primo_rilevamento, data_aggiornamento)
VALUES
(
'Downloader.Jumpta', 'Trojan', '2019-03-01', '2019-05-21'
);

/* Num: 116 */
INSERT INTO virus_conosciuto(nome, tipo, data_primo_rilevamento, data_aggiornamento)
VALUES
(
'Downloader.Jumpta!g1', 'Trojan', '2019-03-01', '2019-05-21'
);

/* Num: 117 */
INSERT INTO virus_conosciuto(nome, tipo, data_primo_rilevamento, data_aggiornamento)
VALUES
(
'Exp.CVE-2018-8120', 'Trojan', '2019-03-01', '2019-05-21'
);

/* Num: 118 */
INSERT INTO virus_conosciuto(nome, tipo, data_primo_rilevamento, data_aggiornamento)
VALUES
(
'Gamevance!gen5', 'Potentially Unwanted App', '2019-03-01', '2019-05-21'
);

/* Num: 119 */
INSERT INTO virus_conosciuto(nome, tipo, data_primo_rilevamento, data_aggiornamento)
VALUES
(
'ACM.PowerPoint!g25', 'Trojan', '2019-03-01', '2019-05-22'
);

/* Num: 120 */
INSERT INTO virus_conosciuto(nome, tipo, data_primo_rilevamento, data_aggiornamento)
VALUES
(
'ACM.Word!g25', 'Trojan', '2019-03-01', '2019-05-20'
);

/* Num: 121 */
INSERT INTO virus_conosciuto(nome, tipo, data_primo_rilevamento, data_aggiornamento)
VALUES
(
'Infostealer.Coonrac', 'Trojan', '2019-02-12', '2019-05-15'
);

/* Num: 122 */
INSERT INTO virus_conosciuto(nome, tipo, data_primo_rilevamento, data_aggiornamento)
VALUES
(
'JS.Redirector!gen5', 'Trojan', '2019-02-06', '2019-05-16'
);

/* Num: 123 */
INSERT INTO virus_conosciuto(nome, tipo, data_primo_rilevamento, data_aggiornamento)
VALUES
(
'Linux.Ekcorminer', 'Trojan', '2019-02-06', '2019-05-16'
);

/* Num: 124 */
INSERT INTO virus_conosciuto(nome, tipo, data_primo_rilevamento, data_aggiornamento)
VALUES
(
'OSX.Keysteal', 'Trojan', '2019-02-06', '2019-05-29'
);

/* Num: 125 */
INSERT INTO virus_conosciuto(nome, tipo, data_primo_rilevamento, data_aggiornamento)
VALUES
(
'OSX.AMCleaner!g1', 'Potentially Unwanted App', '2019-02-06', '2019-05-21'
);

/* Num: 126 */
INSERT INTO virus_conosciuto(nome, tipo, data_primo_rilevamento, data_aggiornamento)
VALUES
(
'W32.Beapy!gen1', 'Trojan Worm', '2019-02-04', '2019-05-24'
);

/* Num: 127 */
INSERT INTO virus_conosciuto(nome, tipo, data_primo_rilevamento, data_aggiornamento)
VALUES
(
'Trojan.Dupanyl', 'Trojan', '2019-02-04', '2019-05-29'
);

/* Num: 128 */
INSERT INTO virus_conosciuto(nome, tipo, data_primo_rilevamento, data_aggiornamento)
VALUES
(
'Bloodhound.DBmacro!g1', 'Trojan', '2019-01-10', '2019-05-23'
);

/* Num: 129 */
INSERT INTO virus_conosciuto(nome, tipo, data_primo_rilevamento, data_aggiornamento)
VALUES
(
'X97M.Laroux.gen2', 'Trojan', '2019-01-10', '2019-05-27'
);

/* Num: 130 */
INSERT INTO virus_conosciuto(nome, tipo, data_primo_rilevamento, data_aggiornamento)
VALUES
(
'Ransom.Bitpaymer!gm', 'Trojan', '2019-01-08', '2019-05-15'
);

/* Num: 131 */
INSERT INTO virus_conosciuto(nome, tipo, data_primo_rilevamento, data_aggiornamento)
VALUES
(
'Trojan.Anchorbot', 'Trojan', '2019-01-08', '2019-05-24'
);

/* Num: 132 */
INSERT INTO virus_conosciuto(nome, tipo, data_primo_rilevamento, data_aggiornamento)
VALUES
(
'Zelu', 'Trojan Horse', '2019-01-08', '2019-05-14'
);

/* Num: 133 */
INSERT INTO virus_conosciuto(nome, tipo, data_primo_rilevamento, data_aggiornamento)
VALUES
(
'W32.Beapy', 'Worm', '2019-01-04', '2019-05-13'
);

/* Num: 134 */
INSERT INTO virus_conosciuto(nome, tipo, data_primo_rilevamento, data_aggiornamento)
VALUES
(
'Trojan.Fenkrib!gen3', 'Trojan', '2019-01-04', '2019-05-13'
);

/* Num: 135 */
INSERT INTO virus_conosciuto(nome, tipo, data_primo_rilevamento, data_aggiornamento)
VALUES
(
'Miner.Bitcoinminer!g1', 'Potentially Unwanted App', '2018-12-07', '2019-07-25'
);

/* Num: 136 */
INSERT INTO virus_conosciuto(nome, tipo, data_primo_rilevamento, data_aggiornamento)
VALUES
(
'CL.Downloader!gen119', 'Trojan', '2018-12-03', '2019-03-14'
);

/* Num: 137 */
INSERT INTO virus_conosciuto(nome, tipo, data_primo_rilevamento, data_aggiornamento)
VALUES
(
'Downloader.Miner!g1', 'Trojan', '2018-12-03', '2019-03-24'
);

/* Num: 138 */
INSERT INTO virus_conosciuto(nome, tipo, data_primo_rilevamento, data_aggiornamento)
VALUES
(
'Exp.CVE-2019-1215', 'Trojan', '2018-12-03', '2019-03-26'
);

/* Num: 139 */
INSERT INTO virus_conosciuto(nome, tipo, data_primo_rilevamento, data_aggiornamento)
VALUES
(
'OSX.Trojan.Gen.2', 'Trojan', '2018-09-12', '2019-03-13'
);

/* Num: 140 */
INSERT INTO virus_conosciuto(nome, tipo, data_primo_rilevamento, data_aggiornamento)
VALUES
(
'FreeSpyScanRemove', 'Misleading Application', '2018-09-08', '2019-03-26'
);

/* Num: 141 */
INSERT INTO virus_conosciuto(nome, tipo, data_primo_rilevamento, data_aggiornamento)
VALUES
(
'Infostealer.Browexp', 'Trojan', '2018-09-08', '2019-03-29'
);

/* Num: 142 */
INSERT INTO virus_conosciuto(nome, tipo, data_primo_rilevamento, data_aggiornamento)
VALUES
(
'JS.Cesaletat', 'Trojan', '2018-09-08', '2019-03-14'
);

/* Num: 143 */
INSERT INTO virus_conosciuto(nome, tipo, data_primo_rilevamento, data_aggiornamento)
VALUES
(
'Linux.Hajime', 'Trojan', '2018-08-02', '2019-03-18'
);

/* Num: 144 */
INSERT INTO virus_conosciuto(nome, tipo, data_primo_rilevamento, data_aggiornamento)
VALUES
(
'VBS.Downloader.D', 'Trojan', '2018-08-02', '2019-03-19'
);

/* Num: 145 */
INSERT INTO virus_conosciuto(nome, tipo, data_primo_rilevamento, data_aggiornamento)
VALUES
(
'Zendown.Trojan', 'Trojan Horse', '2018-08-02', '2019-03-26'
);

/* Num: 146 */
INSERT INTO virus_conosciuto(nome, tipo, data_primo_rilevamento, data_aggiornamento)
VALUES
(
'OSX.Shlayer', 'Potentially Unwanted App', '2018-06-08', '2019-03-29'
);

/* Num: 147 */
INSERT INTO virus_conosciuto(nome, tipo, data_primo_rilevamento, data_aggiornamento)
VALUES
(
'Y2K7 Virus Hoax', 'Hoax', '2018-06-08', '2019-03-25'
);

/* Num: 148 */
INSERT INTO virus_conosciuto(nome, tipo, data_primo_rilevamento, data_aggiornamento)
VALUES
(
'VBS.Tendnob', 'Trojan', '2018-06-03', '2019-03-17'
);

/* Num: 149 */
INSERT INTO virus_conosciuto(nome, tipo, data_primo_rilevamento, data_aggiornamento)
VALUES
(
'Zinaps', 'Misleading Application', '2018-06-03', '2019-03-15'
);

/* Num: 150 */
INSERT INTO virus_conosciuto(nome, tipo, data_primo_rilevamento, data_aggiornamento)
VALUES
(
'CL.Downloader!gen126', 'Trojan', '2018-05-03', '2019-03-16'
);

/* Num: 151 */
INSERT INTO virus_conosciuto(nome, tipo, data_primo_rilevamento, data_aggiornamento)
VALUES
(
'Downloader.Powload', 'Trojan', '2018-05-03', '2019-03-03'
);

/* Num: 152 */
INSERT INTO virus_conosciuto(nome, tipo, data_primo_rilevamento, data_aggiornamento)
VALUES
(
'Hacktool.Uacbypass!g1', 'Trojan', '2018-04-12', '2019-03-28'
);

/* Num: 153 */
INSERT INTO virus_conosciuto(nome, tipo, data_primo_rilevamento, data_aggiornamento)
VALUES
(
'Linux.Chalubo', 'Trojan', '2018-04-12', '2019-03-23'
);

/* Num: 154 */
INSERT INTO virus_conosciuto(nome, tipo, data_primo_rilevamento, data_aggiornamento)
VALUES
(
'Fer.Kruel', 'Misleading Application', '2018-02-05', '2019-03-27'
);

/* Num: 155 */
INSERT INTO virus_conosciuto(nome, tipo, data_primo_rilevamento, data_aggiornamento)
VALUES
(
'JS.Windivert', 'Trojan', '2018-02-05', '2019-07-15'
);

/* Num: 156 */
INSERT INTO virus_conosciuto(nome, tipo, data_primo_rilevamento, data_aggiornamento)
VALUES
(
'JS.Facexworm', 'Worm', '2018-02-05', '2019-07-18'
);

/* Num: 157 */
INSERT INTO virus_conosciuto(nome, tipo, data_primo_rilevamento, data_aggiornamento)
VALUES
(
'Downloader.Malurl', 'Trojan', '2018-02-04', '2019-07-19'
);

/* Num: 158 */
INSERT INTO virus_conosciuto(nome, tipo, data_primo_rilevamento, data_aggiornamento)
VALUES
(
'GmailHackerProFraud', 'Misleading Application', '2017-10-11', '2018-07-15'
);

/* Num: 159 */
INSERT INTO virus_conosciuto(nome, tipo, data_primo_rilevamento, data_aggiornamento)
VALUES
(
'ISB.Downloader!gen303', 'Trojan', '2017-10-11', '2018-07-17'
);

/* Num: 160 */
INSERT INTO virus_conosciuto(nome, tipo, data_primo_rilevamento, data_aggiornamento)
VALUES
(
'Keylogger.Stawin', 'Trojan Horse', '2017-10-11', '2018-03-20'
);

/* Num: 161 */
INSERT INTO virus_conosciuto(nome, tipo, data_primo_rilevamento, data_aggiornamento)
VALUES
(
'Quox', 'Virus', '2017-10-11', '2018-03-29'
);

/* Num: 162 */
INSERT INTO virus_conosciuto(nome, tipo, data_primo_rilevamento, data_aggiornamento)
VALUES
(
'W64.Gobot2!gen1', 'Trojan', '2017-10-11', '2018-03-19'
);

/* Num: 163 */
INSERT INTO virus_conosciuto(nome, tipo, data_primo_rilevamento, data_aggiornamento)
VALUES
(
'Linux.Badbee', 'Trojan', '2017-09-11', '2018-03-15'
);

/* Num: 164 */
INSERT INTO virus_conosciuto(nome, tipo, data_primo_rilevamento, data_aggiornamento)
VALUES
(
'VBS.Forbiks', 'Trojan', '2017-07-09', '2018-03-26'
);

/* Num: 165 */
INSERT INTO virus_conosciuto(nome, tipo, data_primo_rilevamento, data_aggiornamento)
VALUES
(
'Linux.Satori', 'Worm', '2017-06-13', '2018-03-13'
);

/* Num: 166 */
INSERT INTO virus_conosciuto(nome, tipo, data_primo_rilevamento, data_aggiornamento)
VALUES
(
'Gsecdump', 'Security Assessment Tool', '2017-06-12', '2018-03-21'
);

/* Num: 167 */
INSERT INTO virus_conosciuto(nome, tipo, data_primo_rilevamento, data_aggiornamento)
VALUES
(
'KIX.Ixlam.A', 'Trojan Horse', '2017-06-12', '2018-07-25'
);

/* Num: 168 */
INSERT INTO virus_conosciuto(nome, tipo, data_primo_rilevamento, data_aggiornamento)
VALUES
(
'Miner.XMRig!gen1', 'Potentially Unwanted App', '2017-06-12', '2018-10-14'
);

/* Num: 169 */
INSERT INTO virus_conosciuto(nome, tipo, data_primo_rilevamento, data_aggiornamento)
VALUES
(
'Quiver', 'Virus', '2017-06-12', '2018-10-24'
);

/* Num: 170 */
INSERT INTO virus_conosciuto(nome, tipo, data_primo_rilevamento, data_aggiornamento)
VALUES
(
'VBS.Downloader.C', 'Trojan', '2017-06-12', '2018-10-26'
);

/* Num: 171 */
INSERT INTO virus_conosciuto(nome, tipo, data_primo_rilevamento, data_aggiornamento)
VALUES
(
'Linux.Masuta', 'Worm', '2017-01-04', '2018-10-13'
);

/* Num: 172 */
INSERT INTO virus_conosciuto(nome, tipo, data_primo_rilevamento, data_aggiornamento)
VALUES
(
'Netview', 'Security Assessment Tool', '2017-01-04', '2018-10-26'
);

/* Num: 173 */
INSERT INTO virus_conosciuto(nome, tipo, data_primo_rilevamento, data_aggiornamento)
VALUES
(
'Ransom.Bitpaymer', 'Trojan', '2016-09-12', '2018-10-29'
);

/* Num: 174 */
INSERT INTO virus_conosciuto(nome, tipo, data_primo_rilevamento, data_aggiornamento)
VALUES
(
'ZUC', 'Virus', '2016-09-12', '2018-10-14'
);

/* Num: 175 */
INSERT INTO virus_conosciuto(nome, tipo, data_primo_rilevamento, data_aggiornamento)
VALUES
(
'Linux.Duckbot', 'Trojan', '2016-07-02', '2018-10-18'
);

/* Num: 176 */
INSERT INTO virus_conosciuto(nome, tipo, data_primo_rilevamento, data_aggiornamento)
VALUES
(
'KvmSecure', 'Misleading Application', '2015-08-11', '2018-10-19'
);

/* Num: 177 */
INSERT INTO virus_conosciuto(nome, tipo, data_primo_rilevamento, data_aggiornamento)
VALUES
(
'Unix.LinuxEncoder', 'Trojan', '2015-08-11', '2018-10-26'
);

/* Num: 178 */
INSERT INTO virus_conosciuto(nome, tipo, data_primo_rilevamento, data_aggiornamento)
VALUES
(
'W97M.Astraunlock', 'Trojan', '2015-08-11', '2018-10-29'
);

/* Num: 179 */
INSERT INTO virus_conosciuto(nome, tipo, data_primo_rilevamento, data_aggiornamento)
VALUES
(
'Downloader.Pocode', 'Trojan', '2015-08-07', '2018-10-25'
);

/* Num: 180 */
INSERT INTO virus_conosciuto(nome, tipo, data_primo_rilevamento, data_aggiornamento)
VALUES
(
'JS.Nemucod!g2', 'Trojan', '2015-05-16', '2018-10-17'
);

/* Num: 181 */
INSERT INTO virus_conosciuto(nome, tipo, data_primo_rilevamento, data_aggiornamento)
VALUES
(
'Exp.CVE-2019-0752', 'Trojan', '2014-10-07', '2016-07-15'
);

/* Num: 182 */
INSERT INTO virus_conosciuto(nome, tipo, data_primo_rilevamento, data_aggiornamento)
VALUES
(
'Genieo', 'Potentially Unwanted App', '2014-10-07', '2016-07-16'
);

/* Num: 183 */
INSERT INTO virus_conosciuto(nome, tipo, data_primo_rilevamento, data_aggiornamento)
VALUES
(
'Ng.695', 'Trojan', '2014-10-07', '2016-07-07'
);

/* Num: 184 */
INSERT INTO virus_conosciuto(nome, tipo, data_primo_rilevamento, data_aggiornamento)
VALUES
(
'OSX.Windtail', 'Trojan', '2014-02-09', '2016-07-28'
);

/* Num: 185 */
INSERT INTO virus_conosciuto(nome, tipo, data_primo_rilevamento, data_aggiornamento)
VALUES
(
'OSX.AMCleaner', 'Potentially Unwanted App', '2014-02-09', '2016-07-23'
);

/* Num: 186 */
INSERT INTO virus_conosciuto(nome, tipo, data_primo_rilevamento, data_aggiornamento)
VALUES
(
'Yankee Doodle', 'Virus', '2014-02-09', '2016-07-27'
);

/* Num: 187 */
INSERT INTO virus_conosciuto(nome, tipo, data_primo_rilevamento, data_aggiornamento)
VALUES
(
'Zlatko', 'Hoax', '2013-11-04', '2016-07-15'
);

/* Num: 188 */
INSERT INTO virus_conosciuto(nome, tipo, data_primo_rilevamento, data_aggiornamento)
VALUES
(
'Ransom.Robbinhood', 'Trojan', '2013-11-03', '2016-07-18'
);

/* Num: 189 */
INSERT INTO virus_conosciuto(nome, tipo, data_primo_rilevamento, data_aggiornamento)
VALUES
(
'VBS.Heur.SNIC.2', 'Trojan', '2013-11-03', '2016-07-19'
);

/* Num: 190 */
INSERT INTO virus_conosciuto(nome, tipo, data_primo_rilevamento, data_aggiornamento)
VALUES
(
'XM.Joray', 'Virus', '2013-11-03', '2016-07-15'
);

/* Num: 191 */
INSERT INTO virus_conosciuto(nome, tipo, data_primo_rilevamento, data_aggiornamento)
VALUES
(
'ZZ331 Virus Hoax', 'Hoax', '2013-11-03', '2016-07-17'
);

/* Num: 192 */
INSERT INTO virus_conosciuto(nome, tipo, data_primo_rilevamento, data_aggiornamento)
VALUES
(
'Miner.Cpuminer', 'Potentially Unwanted App', '2013-08-05', '2016-05-20'
);

/* Num: 193 */
INSERT INTO virus_conosciuto(nome, tipo, data_primo_rilevamento, data_aggiornamento)
VALUES
(
'KidControl', 'Parental Control', '2013-08-01', '2016-05-29'
);

/* Num: 194 */
INSERT INTO virus_conosciuto(nome, tipo, data_primo_rilevamento, data_aggiornamento)
VALUES
(
'ACM.Excel!g25', 'Trojan', '2012-11-02', '2016-05-19'
);

/* Num: 195 */
INSERT INTO virus_conosciuto(nome, tipo, data_primo_rilevamento, data_aggiornamento)
VALUES
(
'FreeBSD.Scalper.Worm', 'Misleading Application', '2012-08-09', '2019-05-15'
);

/* Num: 196 */
INSERT INTO virus_conosciuto(nome, tipo, data_primo_rilevamento, data_aggiornamento)
VALUES
(
'Hacktool.Rebeus', 'Hoax', '2012-08-09', '2014-05-26'
);

/* Num: 197 */
INSERT INTO virus_conosciuto(nome, tipo, data_primo_rilevamento, data_aggiornamento)
VALUES
(
'Keychaindump', 'Misleading Application', '2012-08-09', '2014-05-13'
);

/* Num: 198 */
INSERT INTO virus_conosciuto(nome, tipo, data_primo_rilevamento, data_aggiornamento)
VALUES
(
'UltraDefragFraud!gen13', 'Security Assessment Tool', '2012-08-07', '2014-05-21'
);

/* Num: 199 */
INSERT INTO virus_conosciuto(nome, tipo, data_primo_rilevamento, data_aggiornamento)
VALUES
(
'UltraDefragFraud!gen14', 'Security Assessment Tool', '2012-08-06', '2014-07-15'
);

/* Num: 200 */
INSERT INTO virus_conosciuto(nome, tipo, data_primo_rilevamento, data_aggiornamento)
VALUES
(
'UltraDefragFraud!gen15', 'Security Assessment Tool', '2012-08-05', '2014-07-16'
);

/* Num: 201 */
INSERT INTO virus_conosciuto(nome, tipo, data_primo_rilevamento, data_aggiornamento)
VALUES
(
'X97M.Romnum', 'Virus', '2012-08-05', '2014-07-07'
);

/* Num: 202 */
INSERT INTO virus_conosciuto(nome, tipo, data_primo_rilevamento, data_aggiornamento)
VALUES
(
'UltraDefragFraud!gen16', 'Security Assessment Tool', '2012-08-04', '2014-07-28'
);

/* Num: 203 */
INSERT INTO virus_conosciuto(nome, tipo, data_primo_rilevamento, data_aggiornamento)
VALUES
(
'UltraDefragFraud!gen17', 'Security Assessment Tool', '2012-08-03', '2014-07-23'
);

/* Num: 204 */
INSERT INTO virus_conosciuto(nome, tipo, data_primo_rilevamento, data_aggiornamento)
VALUES
(
'UltraDefragFraud!gen18', 'Security Assessment Tool', '2012-08-02', '2014-07-27'
);

/* Num: 205 */
INSERT INTO virus_conosciuto(nome, tipo, data_primo_rilevamento, data_aggiornamento)
VALUES
(
'Ransom.Ryuk!gen1', 'Trojan', '2012-05-03', '2014-07-15'
);

/* Num: 206 */
INSERT INTO virus_conosciuto(nome, tipo, data_primo_rilevamento, data_aggiornamento)
VALUES
(
'VBS.Cloud.1', 'Trojan', '2012-05-03', '2014-07-18'
);

/* Num: 207 */
INSERT INTO virus_conosciuto(nome, tipo, data_primo_rilevamento, data_aggiornamento)
VALUES
(
'XM.Mailcab@mm', 'Virus', '2012-05-03', '2014-07-19'
);

/* Num: 208 */
INSERT INTO virus_conosciuto(nome, tipo, data_primo_rilevamento, data_aggiornamento)
VALUES
(
'CL.Downloader!gen112', 'Trojan', '2011-12-12', '2014-07-15'
);

/* Num: 209 */
INSERT INTO virus_conosciuto(nome, tipo, data_primo_rilevamento, data_aggiornamento)
VALUES
(
'Exp.CVE-2019-0888', 'Trojan', '2011-12-12', '2014-07-17'
);

/* Num: 210 */
INSERT INTO virus_conosciuto(nome, tipo, data_primo_rilevamento, data_aggiornamento)
VALUES
(
'FakeCloudAV2012', 'Misleading Application', '2011-12-12', '2014-05-20'
);

/* Num: 211 */
INSERT INTO virus_conosciuto(nome, tipo, data_primo_rilevamento, data_aggiornamento)
VALUES
(
'MSH.Backdoor', 'Potentially Unwanted App', '2011-12-12', '2014-05-29'
);

/* Num: 212 */
INSERT INTO virus_conosciuto(nome, tipo, data_primo_rilevamento, data_aggiornamento)
VALUES
(
'Netbus.Patcher', 'Trojan Horse', '2011-12-12', '2014-05-19'
);

/* Num: 213 */
INSERT INTO virus_conosciuto(nome, tipo, data_primo_rilevamento, data_aggiornamento)
VALUES
(
'UltraDefragFraud!gen10', 'Security Assessment Tool', '2011-08-09', '2014-05-15'
);

/* Num: 214 */
INSERT INTO virus_conosciuto(nome, tipo, data_primo_rilevamento, data_aggiornamento)
VALUES
(
'XpAntivirus!gen1', 'Security Assessment Tool', '2011-06-04', '2014-05-26'
);

/* Num: 215 */
INSERT INTO virus_conosciuto(nome, tipo, data_primo_rilevamento, data_aggiornamento)
VALUES
(
'Gamevance!gen4', 'Potentially Unwanted App', '2011-03-11', '2014-05-13'
);

/* Num: 216 */
INSERT INTO virus_conosciuto(nome, tipo, data_primo_rilevamento, data_aggiornamento)
VALUES
(
'UltraDefragFraud!gen11', 'Security Assessment Tool', '2010-08-08', '2014-05-21'
);

/* Num: 217 */
INSERT INTO virus_conosciuto(nome, tipo, data_primo_rilevamento, data_aggiornamento)
VALUES
(
'Firepass', 'Security Assessment Tool', '2009-09-03', '2014-02-09'
);

/* Num: 218 */
INSERT INTO virus_conosciuto(nome, tipo, data_primo_rilevamento, data_aggiornamento)
VALUES
(
'Unix.LinuxEncoder.B', 'Trojan', '2009-08-06', '2013-11-04'
);

/* Num: 219 */
INSERT INTO virus_conosciuto(nome, tipo, data_primo_rilevamento, data_aggiornamento)
VALUES
(
'X97M.Ecmetsys', 'Virus', '2009-08-06', '2013-11-03'
);

/* Num: 220 */
INSERT INTO virus_conosciuto(nome, tipo, data_primo_rilevamento, data_aggiornamento)
VALUES
(
'Joke.Clippy', 'Joke', '2009-03-12', '2013-11-03'
);

/* Num: 221 */
INSERT INTO virus_conosciuto(nome, tipo, data_primo_rilevamento, data_aggiornamento)
VALUES
(
'Linux.Masuta.B', 'Worm', '2009-01-09', '2013-11-03'
);

/* Num: 222 */
INSERT INTO virus_conosciuto(nome, tipo, data_primo_rilevamento, data_aggiornamento)
VALUES
(
'NortelAntivirus', 'Misleading Application', '2009-01-09', '2013-11-03'
);

/* Num: 223 */
INSERT INTO virus_conosciuto(nome, tipo, data_primo_rilevamento, data_aggiornamento)
VALUES
(
'Downloader.Miner', 'Trojan', '2008-03-06', '2013-08-05'
);

/* Num: 224 */
INSERT INTO virus_conosciuto(nome, tipo, data_primo_rilevamento, data_aggiornamento)
VALUES
(
'GuardCenter', 'Misleading Application', '2007-03-12', '2013-08-01'
);

/* Num: 225 */
INSERT INTO virus_conosciuto(nome, tipo, data_primo_rilevamento, data_aggiornamento)
VALUES
(
'Kerbcrack', 'Security Assessment Tool', '2006-08-05', '2012-11-02'
);

/* Num: 226 */
INSERT INTO virus_conosciuto(nome, tipo, data_primo_rilevamento, data_aggiornamento)
VALUES
(
'Keylogger.Mose', 'Trojan Horse', '2006-02-04', '2012-08-09'
);

/* Num: 227 */
INSERT INTO virus_conosciuto(nome, tipo, data_primo_rilevamento, data_aggiornamento)
VALUES
(
'Miner.Neoscrypt', 'Potentially Unwanted App', '2006-02-04', '2012-08-09'
);

/* Num: 228 */
INSERT INTO virus_conosciuto(nome, tipo, data_primo_rilevamento, data_aggiornamento)
VALUES
(
'Quandary', 'Virus', '2006-02-04', '2012-08-09'
);

/* Num: 229 */
INSERT INTO virus_conosciuto(nome, tipo, data_primo_rilevamento, data_aggiornamento)
VALUES
(
'YahooSpyMon', 'Spyware', '2006-02-04', '2012-08-07'
);

/* Num: 230 */
INSERT INTO virus_conosciuto(nome, tipo, data_primo_rilevamento, data_aggiornamento)
VALUES
(
'Kazaap', 'Misleading Application', '2006-01-12', '2012-08-06'
);

/* Num: 231 */
INSERT INTO virus_conosciuto(nome, tipo, data_primo_rilevamento, data_aggiornamento)
VALUES
(
'Miner.Burst', 'Potentially Unwanted App', '2006-01-12', '2012-08-05'
);

/* Num: 232 */
INSERT INTO virus_conosciuto(nome, tipo, data_primo_rilevamento, data_aggiornamento)
VALUES
(
'XF.Lugunay!dam', 'Trojan', '2006-01-01', '2012-08-05'
);

/* Num: 233 */
INSERT INTO virus_conosciuto(nome, tipo, data_primo_rilevamento, data_aggiornamento)
VALUES
(
'Zeton.Mirc', 'Trojan Horse', '2005-09-09', '2012-08-04'
);

/* Num: 234 */
INSERT INTO virus_conosciuto(nome, tipo, data_primo_rilevamento, data_aggiornamento)
VALUES
(
'YIM Hard drive killer Hoax', 'Hoax', '2005-06-12', '2012-08-03'
);

/* Num: 235 */
INSERT INTO virus_conosciuto(nome, tipo, data_primo_rilevamento, data_aggiornamento)
VALUES
(
'Linux.Satori.B', 'Worm', '2005-01-12', '2012-08-02'
);

/* Num: 236 */
INSERT INTO virus_conosciuto(nome, tipo, data_primo_rilevamento, data_aggiornamento)
VALUES
(
'NetCat', 'Security Assessment Tool', '2005-01-12', '2012-05-03'
);

/* Num: 237 */
INSERT INTO virus_conosciuto(nome, tipo, data_primo_rilevamento, data_aggiornamento)
VALUES
(
'XF.Padrepex', 'Virus', '2004-05-16', '2012-05-03'
);

/* Num: 238 */
INSERT INTO virus_conosciuto(nome, tipo, data_primo_rilevamento, data_aggiornamento)
VALUES
(
'Keylogger.Cone.Trojan', 'Hoax', '2003-09-07', '2006-08-05'
);

/* Num: 239 */
INSERT INTO virus_conosciuto(nome, tipo, data_primo_rilevamento, data_aggiornamento)
VALUES
(
'Ransom.Maze', 'Trojan', '2003-09-07', '2006-02-04'
);

/* Num: 240 */
INSERT INTO virus_conosciuto(nome, tipo, data_primo_rilevamento, data_aggiornamento)
VALUES
(
'FreeBSD.Rootkit', 'Misleading Application', '2002-02-10', '2006-02-04'
);

/* Num: 241 */
INSERT INTO virus_conosciuto(nome, tipo, data_primo_rilevamento, data_aggiornamento)
VALUES
(
'FileFixProfessional', 'Misleading Application', '2001-11-11', '2006-02-04'
);

/* Num: 242 */
INSERT INTO virus_conosciuto(nome, tipo, data_primo_rilevamento, data_aggiornamento)
VALUES
(
'VBS.Downloader!gen4', 'Trojan Worm', '2001-11-03', '2006-02-04'
);

/* Num: 243 */
INSERT INTO virus_conosciuto(nome, tipo, data_primo_rilevamento, data_aggiornamento)
VALUES
(
'Hacktool.Sharpdpapi', 'Hoax', '2001-06-06', '2006-01-12'
);

/* Num: 244 */
INSERT INTO virus_conosciuto(nome, tipo, data_primo_rilevamento, data_aggiornamento)
VALUES
(
'Ydaerla', 'Virus', '2001-06-06', '2006-01-12'
);

/* Num: 245 */
INSERT INTO virus_conosciuto(nome, tipo, data_primo_rilevamento, data_aggiornamento)
VALUES
(
'Trojan.Golpiks', 'Trojan', '2001-06-06', '2006-01-01'
);

/* Num: 246 */
INSERT INTO virus_conosciuto(nome, tipo, data_primo_rilevamento, data_aggiornamento)
VALUES
(
'VBS.Downloader!gen5', 'Trojan Worm', '2001-05-03', '2005-09-09'
);

/* Num: 247 */
INSERT INTO virus_conosciuto(nome, tipo, data_primo_rilevamento, data_aggiornamento)
VALUES
(
'November_17th.855.A', 'Virus', '2000-12-07', '2005-01-12'
);

/* Num: 248 */
INSERT INTO virus_conosciuto(nome, tipo, data_primo_rilevamento, data_aggiornamento)
VALUES
(
'Npox-963.A', 'Virus', '2000-12-07', '2004-05-16'
);

/* Num: 249 */
INSERT INTO virus_conosciuto(nome, tipo, data_primo_rilevamento, data_aggiornamento)
VALUES
(
'Year 1992 (x)', 'Virus', '2000-09-05', '2003-09-07'
);

/* Num: 250 */
INSERT INTO virus_conosciuto(nome, tipo, data_primo_rilevamento, data_aggiornamento)
VALUES
(
'OSX.Netweird.B', 'Trojan', '2000-03-06', '2002-09-07'
);

/* Tabella Fa riferimento */
/* Num: 1 */
INSERT INTO fa_riferimento(antivirus_nome, virus_conosciuto_nome)
VALUES
(
'Avast Premium Security', 'CL.Downloader!gen122'
);

/* Num: 2 */
INSERT INTO fa_riferimento(antivirus_nome, virus_conosciuto_nome)
VALUES
(
'AVG Antivirus', 'Exp.CVE-2019-1429'
);

/* Num: 3 */
INSERT INTO fa_riferimento(antivirus_nome, virus_conosciuto_nome)
VALUES
(
'Bitdefender Antivirus Plus', 'ISB.Downloader!gen313'
);

/* Num: 4 */
INSERT INTO fa_riferimento(antivirus_nome, virus_conosciuto_nome)
VALUES
(
'Immunet', 'Ransom.Lilocked'
);

/* Num: 5 */
INSERT INTO fa_riferimento(antivirus_nome, virus_conosciuto_nome)
VALUES
(
'ClamWin', 'W64.Cridex!gen8'
);

/* Num: 6 */
INSERT INTO fa_riferimento(antivirus_nome, virus_conosciuto_nome)
VALUES
(
'Comodo Internet Security', 'ISB.Downloader!gen314'
);

/* Num: 7 */
INSERT INTO fa_riferimento(antivirus_nome, virus_conosciuto_nome)
VALUES
(
'ESET NOD32 Antivirus', 'FixToolFraud'
);

/* Num: 8 */
INSERT INTO fa_riferimento(antivirus_nome, virus_conosciuto_nome)
VALUES
(
'Kaspersky Total Security', 'Hacktool.Safetykatz'
);

/* Num: 9 */
INSERT INTO fa_riferimento(antivirus_nome, virus_conosciuto_nome)
VALUES
(
'McAfee Antivirus', 'November_17th.800.A'
);

/* Num: 10 */
INSERT INTO fa_riferimento(antivirus_nome, virus_conosciuto_nome)
VALUES
(
'Norton 360', 'OSX.Calisto'
);

/* Num: 11 */
INSERT INTO fa_riferimento(antivirus_nome, virus_conosciuto_nome)
VALUES
(
'Avast Premium Security', 'VBS.Rosekernel!g1'
);

/* Num: 12 */
INSERT INTO fa_riferimento(antivirus_nome, virus_conosciuto_nome)
VALUES
(
'AVG Antivirus', 'Your Screen Name Hoax'
);

/* Num: 13 */
INSERT INTO fa_riferimento(antivirus_nome, virus_conosciuto_nome)
VALUES
(
'Bitdefender Antivirus Plus', 'Ransom.Nemty'
);

/* Num: 14 */
INSERT INTO fa_riferimento(antivirus_nome, virus_conosciuto_nome)
VALUES
(
'Immunet', 'W32.Extrat.C'
);

/* Num: 15 */
INSERT INTO fa_riferimento(antivirus_nome, virus_conosciuto_nome)
VALUES
(
'ClamWin', 'ACM.Excel!g255'
);

/* Num: 16 */
INSERT INTO fa_riferimento(antivirus_nome, virus_conosciuto_nome)
VALUES
(
'Comodo Internet Security', 'Backdoor.Gocon'
);

/* Num: 17 */
INSERT INTO fa_riferimento(antivirus_nome, virus_conosciuto_nome)
VALUES
(
'ESET NOD32 Antivirus', 'CL.Downloader!gen144'
);

/* Num: 18 */
INSERT INTO fa_riferimento(antivirus_nome, virus_conosciuto_nome)
VALUES
(
'Kaspersky Total Security', 'Downloader.Keapot'
);

/* Num: 19 */
INSERT INTO fa_riferimento(antivirus_nome, virus_conosciuto_nome)
VALUES
(
'McAfee Antivirus', 'Gamevance!gen6'
);

/* Num: 20 */
INSERT INTO fa_riferimento(antivirus_nome, virus_conosciuto_nome)
VALUES
(
'Norton 360', 'CL.Downloader!gen130'
);

/* Num: 21 */
INSERT INTO fa_riferimento(antivirus_nome, virus_conosciuto_nome)
VALUES
(
'Avast Premium Security', 'Downloader.Zacinlo'
);

/* Num: 22 */
INSERT INTO fa_riferimento(antivirus_nome, virus_conosciuto_nome)
VALUES
(
'AVG Antivirus', 'CL.Downloader!gen110'
);

/* Num: 23 */
INSERT INTO fa_riferimento(antivirus_nome, virus_conosciuto_nome)
VALUES
(
'Bitdefender Antivirus Plus', 'Exp.CVE-2017-11882!g4'
);

/* Num: 24 */
INSERT INTO fa_riferimento(antivirus_nome, virus_conosciuto_nome)
VALUES
(
'Immunet', 'Exp.CVE-2019-0859'
);

/* Num: 25 */
INSERT INTO fa_riferimento(antivirus_nome, virus_conosciuto_nome)
VALUES
(
'ClamWin', 'Miner.Softminer'
);

/* Num: 26 */
INSERT INTO fa_riferimento(antivirus_nome, virus_conosciuto_nome)
VALUES
(
'Comodo Internet Security', 'Netbus.160.Dropper'
);

/* Num: 27 */
INSERT INTO fa_riferimento(antivirus_nome, virus_conosciuto_nome)
VALUES
(
'ESET NOD32 Antivirus', 'OSX.Miner.XMRig!g1'
);

/* Num: 28 */
INSERT INTO fa_riferimento(antivirus_nome, virus_conosciuto_nome)
VALUES
(
'Kaspersky Total Security', 'VBS.Rosekernel'
);

/* Num: 29 */
INSERT INTO fa_riferimento(antivirus_nome, virus_conosciuto_nome)
VALUES
(
'McAfee Antivirus', 'Trojan.Zerocleare'
);

/* Num: 30 */
INSERT INTO fa_riferimento(antivirus_nome, virus_conosciuto_nome)
VALUES
(
'Norton 360', 'Downloader.Zacinlo!g1'
);

/* Num: 31 */
INSERT INTO fa_riferimento(antivirus_nome, virus_conosciuto_nome)
VALUES
(
'Avast Premium Security', 'ISB.Dropper!gen15'
);

/* Num: 32 */
INSERT INTO fa_riferimento(antivirus_nome, virus_conosciuto_nome)
VALUES
(
'AVG Antivirus', 'Trojan.Reaver!gen1'
);

/* Num: 33 */
INSERT INTO fa_riferimento(antivirus_nome, virus_conosciuto_nome)
VALUES
(
'Bitdefender Antivirus Plus', 'Zag.1106'
);

/* Num: 34 */
INSERT INTO fa_riferimento(antivirus_nome, virus_conosciuto_nome)
VALUES
(
'Immunet', 'W97M.Downloader!gen36'
);

/* Num: 35 */
INSERT INTO fa_riferimento(antivirus_nome, virus_conosciuto_nome)
VALUES
(
'ClamWin', 'Trojan.Chinchop'
);

/* Num: 36 */
INSERT INTO fa_riferimento(antivirus_nome, virus_conosciuto_nome)
VALUES
(
'Comodo Internet Security', 'W32.Bulehero'
);

/* Num: 37 */
INSERT INTO fa_riferimento(antivirus_nome, virus_conosciuto_nome)
VALUES
(
'ESET NOD32 Antivirus', 'Trojan.Dupanyl!gm'
);

/* Num: 38 */
INSERT INTO fa_riferimento(antivirus_nome, virus_conosciuto_nome)
VALUES
(
'Kaspersky Total Security', 'ISB.Downloader!gen310'
);

/* Num: 39 */
INSERT INTO fa_riferimento(antivirus_nome, virus_conosciuto_nome)
VALUES
(
'McAfee Antivirus', 'W32.Qakbot!gen20'
);

/* Num: 40 */
INSERT INTO fa_riferimento(antivirus_nome, virus_conosciuto_nome)
VALUES
(
'Norton 360', 'Trojan.Spoofane'
);

/* Num: 41 */
INSERT INTO fa_riferimento(antivirus_nome, virus_conosciuto_nome)
VALUES
(
'Avast Premium Security', 'ISB.Downloader!gen330'
);

/* Num: 42 */
INSERT INTO fa_riferimento(antivirus_nome, virus_conosciuto_nome)
VALUES
(
'AVG Antivirus', 'Exp.CVE-2017-11774'
);

/* Num: 43 */
INSERT INTO fa_riferimento(antivirus_nome, virus_conosciuto_nome)
VALUES
(
'Bitdefender Antivirus Plus', 'ISB.Downloader!gen318'
);

/* Num: 44 */
INSERT INTO fa_riferimento(antivirus_nome, virus_conosciuto_nome)
VALUES
(
'Immunet', 'MSH.Backdoor!g1'
);

/* Num: 45 */
INSERT INTO fa_riferimento(antivirus_nome, virus_conosciuto_nome)
VALUES
(
'ClamWin', 'ACM.DocView!g1'
);

/* Num: 46 */
INSERT INTO fa_riferimento(antivirus_nome, virus_conosciuto_nome)
VALUES
(
'Comodo Internet Security', 'ACM.DocView!g2'
);

/* Num: 47 */
INSERT INTO fa_riferimento(antivirus_nome, virus_conosciuto_nome)
VALUES
(
'ESET NOD32 Antivirus', 'ACM.DocView!g25'
);

/* Num: 48 */
INSERT INTO fa_riferimento(antivirus_nome, virus_conosciuto_nome)
VALUES
(
'Kaspersky Total Security', 'ACM.DocView!g26'
);

/* Num: 49 */
INSERT INTO fa_riferimento(antivirus_nome, virus_conosciuto_nome)
VALUES
(
'McAfee Antivirus', 'ACM.DocView!g27'
);

/* Num: 50 */
INSERT INTO fa_riferimento(antivirus_nome, virus_conosciuto_nome)
VALUES
(
'Norton 360', 'ACM.DocView!g28'
);

/* Num: 51 */
INSERT INTO fa_riferimento(antivirus_nome, virus_conosciuto_nome)
VALUES
(
'Avast Premium Security', 'ACM.DocView!g29'
);

/* Num: 52 */
INSERT INTO fa_riferimento(antivirus_nome, virus_conosciuto_nome)
VALUES
(
'AVG Antivirus', 'Backdoor.Netegol!gm'
);

/* Num: 53 */
INSERT INTO fa_riferimento(antivirus_nome, virus_conosciuto_nome)
VALUES
(
'Bitdefender Antivirus Plus', 'Backdoor.Hyperbro'
);

/* Num: 54 */
INSERT INTO fa_riferimento(antivirus_nome, virus_conosciuto_nome)
VALUES
(
'Immunet', 'Backdoor.Priwidd'
);

/* Num: 55 */
INSERT INTO fa_riferimento(antivirus_nome, virus_conosciuto_nome)
VALUES
(
'ClamWin', 'CL.Downloader!gen123'
);

/* Num: 56 */
INSERT INTO fa_riferimento(antivirus_nome, virus_conosciuto_nome)
VALUES
(
'Comodo Internet Security', 'Exp.CVE-2019-1367'
);

/* Num: 57 */
INSERT INTO fa_riferimento(antivirus_nome, virus_conosciuto_nome)
VALUES
(
'ESET NOD32 Antivirus', 'FilesSecure'
);

/* Num: 58 */
INSERT INTO fa_riferimento(antivirus_nome, virus_conosciuto_nome)
VALUES
(
'Kaspersky Total Security', 'JS.Deehunp'
);

/* Num: 59 */
INSERT INTO fa_riferimento(antivirus_nome, virus_conosciuto_nome)
VALUES
(
'McAfee Antivirus', 'X97M.Goldendrop'
);

/* Num: 60 */
INSERT INTO fa_riferimento(antivirus_nome, virus_conosciuto_nome)
VALUES
(
'Norton 360', 'ACM.DocView!g12'
);

/* Num: 61 */
INSERT INTO fa_riferimento(antivirus_nome, virus_conosciuto_nome)
VALUES
(
'Avast Premium Security', 'ACM.DocVew!g232'
);

/* Num: 62 */
INSERT INTO fa_riferimento(antivirus_nome, virus_conosciuto_nome)
VALUES
(
'AVG Antivirus', 'ACM.DocView!g254'
);

/* Num: 63 */
INSERT INTO fa_riferimento(antivirus_nome, virus_conosciuto_nome)
VALUES
(
'Bitdefender Antivirus Plus', 'ACM.DocView!g266'
);

/* Num: 64 */
INSERT INTO fa_riferimento(antivirus_nome, virus_conosciuto_nome)
VALUES
(
'Immunet', 'ACM.DocView!g27l'
);

/* Num: 65 */
INSERT INTO fa_riferimento(antivirus_nome, virus_conosciuto_nome)
VALUES
(
'ClamWin', 'ACM.DocView!28'
);

/* Num: 66 */
INSERT INTO fa_riferimento(antivirus_nome, virus_conosciuto_nome)
VALUES
(
'Comodo Internet Security', 'ACM.DocView!g29i'
);

/* Num: 67 */
INSERT INTO fa_riferimento(antivirus_nome, virus_conosciuto_nome)
VALUES
(
'ESET NOD32 Antivirus', 'ACM.DocView!g232'
);

/* Num: 68 */
INSERT INTO fa_riferimento(antivirus_nome, virus_conosciuto_nome)
VALUES
(
'Kaspersky Total Security', 'Exp.CVE-2019-0752!g1'
);

/* Num: 69 */
INSERT INTO fa_riferimento(antivirus_nome, virus_conosciuto_nome)
VALUES
(
'McAfee Antivirus', 'OSX.Malcol.3'
);

/* Num: 70 */
INSERT INTO fa_riferimento(antivirus_nome, virus_conosciuto_nome)
VALUES
(
'Norton 360', 'Backdoor.Wellmess'
);

/* Num: 71 */
INSERT INTO fa_riferimento(antivirus_nome, virus_conosciuto_nome)
VALUES
(
'Avast Premium Security', 'Backdoor.Hyperbro!gm'
);

/* Num: 72 */
INSERT INTO fa_riferimento(antivirus_nome, virus_conosciuto_nome)
VALUES
(
'AVG Antivirus', 'Ransom.Hybirdmy'
);

/* Num: 73 */
INSERT INTO fa_riferimento(antivirus_nome, virus_conosciuto_nome)
VALUES
(
'Bitdefender Antivirus Plus', 'Ransom.Hybirdmy!g1'
);

/* Num: 74 */
INSERT INTO fa_riferimento(antivirus_nome, virus_conosciuto_nome)
VALUES
(
'Immunet', 'Trojan.Varenyky'
);

/* Num: 75 */
INSERT INTO fa_riferimento(antivirus_nome, virus_conosciuto_nome)
VALUES
(
'ClamWin', 'FileExec'
);

/* Num: 76 */
INSERT INTO fa_riferimento(antivirus_nome, virus_conosciuto_nome)
VALUES
(
'Comodo Internet Security', 'Hacktool.Sharphound'
);

/* Num: 77 */
INSERT INTO fa_riferimento(antivirus_nome, virus_conosciuto_nome)
VALUES
(
'ESET NOD32 Antivirus', 'MSH.Dropper'
);

/* Num: 78 */
INSERT INTO fa_riferimento(antivirus_nome, virus_conosciuto_nome)
VALUES
(
'Kaspersky Total Security', 'No_Frills.Dudley'
);

/* Num: 79 */
INSERT INTO fa_riferimento(antivirus_nome, virus_conosciuto_nome)
VALUES
(
'McAfee Antivirus', 'Linux.Speakup'
);

/* Num: 80 */
INSERT INTO fa_riferimento(antivirus_nome, virus_conosciuto_nome)
VALUES
(
'Norton 360', 'Ransom.Buran'
);

/* Num: 81 */
INSERT INTO fa_riferimento(antivirus_nome, virus_conosciuto_nome)
VALUES
(
'Avast Premium Security', 'Gamevance!gen1'
);

/* Num: 82 */
INSERT INTO fa_riferimento(antivirus_nome, virus_conosciuto_nome)
VALUES
(
'AVG Antivirus', 'Google Trojan Hoax'
);

/* Num: 83 */
INSERT INTO fa_riferimento(antivirus_nome, virus_conosciuto_nome)
VALUES
(
'Bitdefender Antivirus Plus', 'Got You Hoax'
);

/* Num: 84 */
INSERT INTO fa_riferimento(antivirus_nome, virus_conosciuto_nome)
VALUES
(
'Immunet', 'Heur.Malcode!gen4'
);

/* Num: 85 */
INSERT INTO fa_riferimento(antivirus_nome, virus_conosciuto_nome)
VALUES
(
'ClamWin', 'Hacktool.Rotpotato!g1'
);

/* Num: 86 */
INSERT INTO fa_riferimento(antivirus_nome, virus_conosciuto_nome)
VALUES
(
'Comodo Internet Security', 'Hacktool.Rotpotato'
);

/* Num: 87 */
INSERT INTO fa_riferimento(antivirus_nome, virus_conosciuto_nome)
VALUES
(
'ESET NOD32 Antivirus', 'Hacktool.Avet'
);

/* Num: 88 */
INSERT INTO fa_riferimento(antivirus_nome, virus_conosciuto_nome)
VALUES
(
'Kaspersky Total Security', 'Hacktool.Foxplace'
);

/* Num: 89 */
INSERT INTO fa_riferimento(antivirus_nome, virus_conosciuto_nome)
VALUES
(
'McAfee Antivirus', 'ISB.Downloader!gen324'
);

/* Num: 90 */
INSERT INTO fa_riferimento(antivirus_nome, virus_conosciuto_nome)
VALUES
(
'Norton 360', 'JS.Heur.SNIC.2'
);

/* Num: 91 */
INSERT INTO fa_riferimento(antivirus_nome, virus_conosciuto_nome)
VALUES
(
'Avast Premium Security', 'JS.Cloud.2'
);

/* Num: 92 */
INSERT INTO fa_riferimento(antivirus_nome, virus_conosciuto_nome)
VALUES
(
'AVG Antivirus', 'JS.Cloud.4'
);

/* Num: 93 */
INSERT INTO fa_riferimento(antivirus_nome, virus_conosciuto_nome)
VALUES
(
'Bitdefender Antivirus Plus', 'Kleneu66 Hoax'
);

/* Num: 94 */
INSERT INTO fa_riferimento(antivirus_nome, virus_conosciuto_nome)
VALUES
(
'Immunet', 'Miner.Kingminer'
);

/* Num: 95 */
INSERT INTO fa_riferimento(antivirus_nome, virus_conosciuto_nome)
VALUES
(
'ClamWin', 'POL.B.PECMsbuild'
);

/* Num: 96 */
INSERT INTO fa_riferimento(antivirus_nome, virus_conosciuto_nome)
VALUES
(
'Comodo Internet Security', 'POL.B.PECPsexesvc'
);

/* Num: 97 */
INSERT INTO fa_riferimento(antivirus_nome, virus_conosciuto_nome)
VALUES
(
'ESET NOD32 Antivirus', 'POL.B.PSTBitsadmin'
);

/* Num: 98 */
INSERT INTO fa_riferimento(antivirus_nome, virus_conosciuto_nome)
VALUES
(
'Kaspersky Total Security', 'POL.B.PSTCscriptPdfRd'
);

/* Num: 99 */
INSERT INTO fa_riferimento(antivirus_nome, virus_conosciuto_nome)
VALUES
(
'McAfee Antivirus', 'POL.B.PSTMshtaOffice'
);

/* Num: 100 */
INSERT INTO fa_riferimento(antivirus_nome, virus_conosciuto_nome)
VALUES
(
'Norton 360', 'POL.B.PSTMshtaPdfRd'
);

/* Num: 101 */
INSERT INTO fa_riferimento(antivirus_nome, virus_conosciuto_nome)
VALUES
(
'Avast Premium Security', 'POL.B.PSTPowershPdfRd'
);

/* Num: 102 */
INSERT INTO fa_riferimento(antivirus_nome, virus_conosciuto_nome)
VALUES
(
'AVG Antivirus', 'POL.B.PSTPowshOffice'
);

/* Num: 103 */
INSERT INTO fa_riferimento(antivirus_nome, virus_conosciuto_nome)
VALUES
(
'Bitdefender Antivirus Plus', 'POL.B.PSTWscriptOffic'
);

/* Num: 104 */
INSERT INTO fa_riferimento(antivirus_nome, virus_conosciuto_nome)
VALUES
(
'Immunet', 'POL.B.PSTWscriptPdfRd'
);

/* Num: 105 */
INSERT INTO fa_riferimento(antivirus_nome, virus_conosciuto_nome)
VALUES
(
'ClamWin', 'QRry'
);

/* Num: 106 */
INSERT INTO fa_riferimento(antivirus_nome, virus_conosciuto_nome)
VALUES
(
'Comodo Internet Security', 'XLGuarder'
);

/* Num: 107 */
INSERT INTO fa_riferimento(antivirus_nome, virus_conosciuto_nome)
VALUES
(
'ESET NOD32 Antivirus', 'Backdoor.Lookback'
);

/* Num: 108 */
INSERT INTO fa_riferimento(antivirus_nome, virus_conosciuto_nome)
VALUES
(
'Kaspersky Total Security', 'W64.Flobal'
);

/* Num: 109 */
INSERT INTO fa_riferimento(antivirus_nome, virus_conosciuto_nome)
VALUES
(
'McAfee Antivirus', 'ACM.PowerPoint!g25u'
);

/* Num: 110 */
INSERT INTO fa_riferimento(antivirus_nome, virus_conosciuto_nome)
VALUES
(
'Norton 360', 'ACM.Word!g25p'
);

/* Num: 111 */
INSERT INTO fa_riferimento(antivirus_nome, virus_conosciuto_nome)
VALUES
(
'Avast Premium Security', 'Backdoor.Syskit'
);

/* Num: 112 */
INSERT INTO fa_riferimento(antivirus_nome, virus_conosciuto_nome)
VALUES
(
'AVG Antivirus', 'Backdoor.Pymet'
);

/* Num: 113 */
INSERT INTO fa_riferimento(antivirus_nome, virus_conosciuto_nome)
VALUES
(
'Bitdefender Antivirus Plus', 'CL.Downloader!gen147'
);

/* Num: 114 */
INSERT INTO fa_riferimento(antivirus_nome, virus_conosciuto_nome)
VALUES
(
'Immunet', 'CL.Downloader!gen131'
);

/* Num: 115 */
INSERT INTO fa_riferimento(antivirus_nome, virus_conosciuto_nome)
VALUES
(
'ClamWin', 'Downloader.Jumpta'
);

/* Num: 116 */
INSERT INTO fa_riferimento(antivirus_nome, virus_conosciuto_nome)
VALUES
(
'Comodo Internet Security', 'Downloader.Jumpta!g1'
);

/* Num: 117 */
INSERT INTO fa_riferimento(antivirus_nome, virus_conosciuto_nome)
VALUES
(
'ESET NOD32 Antivirus', 'Exp.CVE-2018-8120'
);

/* Num: 118 */
INSERT INTO fa_riferimento(antivirus_nome, virus_conosciuto_nome)
VALUES
(
'Kaspersky Total Security', 'Gamevance!gen5'
);

/* Num: 119 */
INSERT INTO fa_riferimento(antivirus_nome, virus_conosciuto_nome)
VALUES
(
'McAfee Antivirus', 'ACM.PowerPoint!g25'
);

/* Num: 120 */
INSERT INTO fa_riferimento(antivirus_nome, virus_conosciuto_nome)
VALUES
(
'Norton 360', 'ACM.Word!g25'
);

/* Num: 121 */
INSERT INTO fa_riferimento(antivirus_nome, virus_conosciuto_nome)
VALUES
(
'Avast Premium Security', 'Infostealer.Coonrac'
);

/* Num: 122 */
INSERT INTO fa_riferimento(antivirus_nome, virus_conosciuto_nome)
VALUES
(
'AVG Antivirus', 'JS.Redirector!gen5'
);

/* Num: 123 */
INSERT INTO fa_riferimento(antivirus_nome, virus_conosciuto_nome)
VALUES
(
'Bitdefender Antivirus Plus', 'Linux.Ekcorminer'
);

/* Num: 124 */
INSERT INTO fa_riferimento(antivirus_nome, virus_conosciuto_nome)
VALUES
(
'Immunet', 'OSX.Keysteal'
);

/* Num: 125 */
INSERT INTO fa_riferimento(antivirus_nome, virus_conosciuto_nome)
VALUES
(
'ClamWin', 'OSX.AMCleaner!g1'
);

/* Num: 126 */
INSERT INTO fa_riferimento(antivirus_nome, virus_conosciuto_nome)
VALUES
(
'Comodo Internet Security', 'W32.Beapy!gen1'
);

/* Num: 127 */
INSERT INTO fa_riferimento(antivirus_nome, virus_conosciuto_nome)
VALUES
(
'ESET NOD32 Antivirus', 'Trojan.Dupanyl'
);

/* Num: 128 */
INSERT INTO fa_riferimento(antivirus_nome, virus_conosciuto_nome)
VALUES
(
'Kaspersky Total Security', 'Bloodhound.DBmacro!g1'
);

/* Num: 129 */
INSERT INTO fa_riferimento(antivirus_nome, virus_conosciuto_nome)
VALUES
(
'McAfee Antivirus', 'X97M.Laroux.gen2'
);

/* Num: 130 */
INSERT INTO fa_riferimento(antivirus_nome, virus_conosciuto_nome)
VALUES
(
'Norton 360', 'Ransom.Bitpaymer!gm'
);

/* Num: 131 */
INSERT INTO fa_riferimento(antivirus_nome, virus_conosciuto_nome)
VALUES
(
'Avast Premium Security', 'Trojan.Anchorbot'
);

/* Num: 132 */
INSERT INTO fa_riferimento(antivirus_nome, virus_conosciuto_nome)
VALUES
(
'AVG Antivirus', 'Zelu'
);

/* Num: 133 */
INSERT INTO fa_riferimento(antivirus_nome, virus_conosciuto_nome)
VALUES
(
'Bitdefender Antivirus Plus', 'W32.Beapy'
);

/* Num: 134 */
INSERT INTO fa_riferimento(antivirus_nome, virus_conosciuto_nome)
VALUES
(
'Immunet', 'Trojan.Fenkrib!gen3'
);

/* Num: 135 */
INSERT INTO fa_riferimento(antivirus_nome, virus_conosciuto_nome)
VALUES
(
'ClamWin', 'Miner.Bitcoinminer!g1'
);

/* Num: 136 */
INSERT INTO fa_riferimento(antivirus_nome, virus_conosciuto_nome)
VALUES
(
'Comodo Internet Security', 'CL.Downloader!gen119'
);

/* Num: 137 */
INSERT INTO fa_riferimento(antivirus_nome, virus_conosciuto_nome)
VALUES
(
'ESET NOD32 Antivirus', 'Downloader.Miner!g1'
);

/* Num: 138 */
INSERT INTO fa_riferimento(antivirus_nome, virus_conosciuto_nome)
VALUES
(
'Kaspersky Total Security', 'Exp.CVE-2019-1215'
);

/* Num: 139 */
INSERT INTO fa_riferimento(antivirus_nome, virus_conosciuto_nome)
VALUES
(
'McAfee Antivirus', 'OSX.Trojan.Gen.2'
);

/* Num: 140 */
INSERT INTO fa_riferimento(antivirus_nome, virus_conosciuto_nome)
VALUES
(
'Norton 360', 'FreeSpyScanRemove'
);

/* Num: 141 */
INSERT INTO fa_riferimento(antivirus_nome, virus_conosciuto_nome)
VALUES
(
'Avast Premium Security', 'Infostealer.Browexp'
);

/* Num: 142 */
INSERT INTO fa_riferimento(antivirus_nome, virus_conosciuto_nome)
VALUES
(
'AVG Antivirus', 'JS.Cesaletat'
);

/* Num: 143 */
INSERT INTO fa_riferimento(antivirus_nome, virus_conosciuto_nome)
VALUES
(
'Bitdefender Antivirus Plus', 'Linux.Hajime'
);

/* Num: 144 */
INSERT INTO fa_riferimento(antivirus_nome, virus_conosciuto_nome)
VALUES
(
'Immunet', 'VBS.Downloader.D'
);

/* Num: 145 */
INSERT INTO fa_riferimento(antivirus_nome, virus_conosciuto_nome)
VALUES
(
'ClamWin', 'Zendown.Trojan'
);

/* Num: 146 */
INSERT INTO fa_riferimento(antivirus_nome, virus_conosciuto_nome)
VALUES
(
'Comodo Internet Security', 'OSX.Shlayer'
);

/* Num: 147 */
INSERT INTO fa_riferimento(antivirus_nome, virus_conosciuto_nome)
VALUES
(
'ESET NOD32 Antivirus', 'Y2K7 Virus Hoax'
);

/* Num: 148 */
INSERT INTO fa_riferimento(antivirus_nome, virus_conosciuto_nome)
VALUES
(
'Kaspersky Total Security', 'VBS.Tendnob'
);

/* Num: 149 */
INSERT INTO fa_riferimento(antivirus_nome, virus_conosciuto_nome)
VALUES
(
'McAfee Antivirus', 'Zinaps'
);

/* Num: 150 */
INSERT INTO fa_riferimento(antivirus_nome, virus_conosciuto_nome)
VALUES
(
'Norton 360', 'CL.Downloader!gen126'
);

/* Num: 151 */
INSERT INTO fa_riferimento(antivirus_nome, virus_conosciuto_nome)
VALUES
(
'Avast Premium Security', 'Downloader.Powload'
);

/* Num: 152 */
INSERT INTO fa_riferimento(antivirus_nome, virus_conosciuto_nome)
VALUES
(
'AVG Antivirus', 'Hacktool.Uacbypass!g1'
);

/* Num: 153 */
INSERT INTO fa_riferimento(antivirus_nome, virus_conosciuto_nome)
VALUES
(
'Bitdefender Antivirus Plus', 'Linux.Chalubo'
);

/* Num: 154 */
INSERT INTO fa_riferimento(antivirus_nome, virus_conosciuto_nome)
VALUES
(
'Immunet', 'Fer.Kruel'
);

/* Num: 155 */
INSERT INTO fa_riferimento(antivirus_nome, virus_conosciuto_nome)
VALUES
(
'ClamWin', 'JS.Windivert'
);

/* Num: 156 */
INSERT INTO fa_riferimento(antivirus_nome, virus_conosciuto_nome)
VALUES
(
'Comodo Internet Security', 'JS.Facexworm'
);

/* Num: 157 */
INSERT INTO fa_riferimento(antivirus_nome, virus_conosciuto_nome)
VALUES
(
'ESET NOD32 Antivirus', 'Downloader.Malurl'
);

/* Num: 158 */
INSERT INTO fa_riferimento(antivirus_nome, virus_conosciuto_nome)
VALUES
(
'Kaspersky Total Security', 'GmailHackerProFraud'
);

/* Num: 159 */
INSERT INTO fa_riferimento(antivirus_nome, virus_conosciuto_nome)
VALUES
(
'McAfee Antivirus', 'ISB.Downloader!gen303'
);

/* Num: 160 */
INSERT INTO fa_riferimento(antivirus_nome, virus_conosciuto_nome)
VALUES
(
'Norton 360', 'Keylogger.Stawin'
);

/* Num: 161 */
INSERT INTO fa_riferimento(antivirus_nome, virus_conosciuto_nome)
VALUES
(
'Avast Premium Security', 'Quox'
);

/* Num: 162 */
INSERT INTO fa_riferimento(antivirus_nome, virus_conosciuto_nome)
VALUES
(
'AVG Antivirus', 'W64.Gobot2!gen1'
);

/* Num: 163 */
INSERT INTO fa_riferimento(antivirus_nome, virus_conosciuto_nome)
VALUES
(
'Bitdefender Antivirus Plus', 'Linux.Badbee'
);

/* Num: 164 */
INSERT INTO fa_riferimento(antivirus_nome, virus_conosciuto_nome)
VALUES
(
'Immunet', 'VBS.Forbiks'
);

/* Num: 165 */
INSERT INTO fa_riferimento(antivirus_nome, virus_conosciuto_nome)
VALUES
(
'ClamWin', 'Linux.Satori'
);

/* Num: 166 */
INSERT INTO fa_riferimento(antivirus_nome, virus_conosciuto_nome)
VALUES
(
'Comodo Internet Security', 'Gsecdump'
);

/* Num: 167 */
INSERT INTO fa_riferimento(antivirus_nome, virus_conosciuto_nome)
VALUES
(
'ESET NOD32 Antivirus', 'KIX.Ixlam.A'
);

/* Num: 168 */
INSERT INTO fa_riferimento(antivirus_nome, virus_conosciuto_nome)
VALUES
(
'Kaspersky Total Security', 'Miner.XMRig!gen1'
);

/* Num: 169 */
INSERT INTO fa_riferimento(antivirus_nome, virus_conosciuto_nome)
VALUES
(
'McAfee Antivirus', 'Quiver'
);

/* Num: 170 */
INSERT INTO fa_riferimento(antivirus_nome, virus_conosciuto_nome)
VALUES
(
'Norton 360', 'VBS.Downloader.C'
);

/* Num: 171 */
INSERT INTO fa_riferimento(antivirus_nome, virus_conosciuto_nome)
VALUES
(
'Avast Premium Security', 'Linux.Masuta'
);

/* Num: 172 */
INSERT INTO fa_riferimento(antivirus_nome, virus_conosciuto_nome)
VALUES
(
'AVG Antivirus', 'Netview'
);

/* Num: 173 */
INSERT INTO fa_riferimento(antivirus_nome, virus_conosciuto_nome)
VALUES
(
'Bitdefender Antivirus Plus', 'Ransom.Bitpaymer'
);

/* Num: 174 */
INSERT INTO fa_riferimento(antivirus_nome, virus_conosciuto_nome)
VALUES
(
'Immunet', 'ZUC'
);

/* Num: 175 */
INSERT INTO fa_riferimento(antivirus_nome, virus_conosciuto_nome)
VALUES
(
'ClamWin', 'Linux.Duckbot'
);

/* Num: 176 */
INSERT INTO fa_riferimento(antivirus_nome, virus_conosciuto_nome)
VALUES
(
'Comodo Internet Security', 'KvmSecure'
);

/* Num: 177 */
INSERT INTO fa_riferimento(antivirus_nome, virus_conosciuto_nome)
VALUES
(
'ESET NOD32 Antivirus', 'Unix.LinuxEncoder'
);

/* Num: 178 */
INSERT INTO fa_riferimento(antivirus_nome, virus_conosciuto_nome)
VALUES
(
'Kaspersky Total Security', 'W97M.Astraunlock'
);

/* Num: 179 */
INSERT INTO fa_riferimento(antivirus_nome, virus_conosciuto_nome)
VALUES
(
'McAfee Antivirus', 'Downloader.Pocode'
);

/* Num: 180 */
INSERT INTO fa_riferimento(antivirus_nome, virus_conosciuto_nome)
VALUES
(
'Norton 360', 'JS.Nemucod!g2'
);

/* Num: 181 */
INSERT INTO fa_riferimento(antivirus_nome, virus_conosciuto_nome)
VALUES
(
'Avast Premium Security', 'Exp.CVE-2019-0752'
);

/* Num: 182 */
INSERT INTO fa_riferimento(antivirus_nome, virus_conosciuto_nome)
VALUES
(
'AVG Antivirus', 'Genieo'
);

/* Num: 183 */
INSERT INTO fa_riferimento(antivirus_nome, virus_conosciuto_nome)
VALUES
(
'Bitdefender Antivirus Plus', 'Ng.695'
);

/* Num: 184 */
INSERT INTO fa_riferimento(antivirus_nome, virus_conosciuto_nome)
VALUES
(
'Immunet', 'OSX.Windtail'
);

/* Num: 185 */
INSERT INTO fa_riferimento(antivirus_nome, virus_conosciuto_nome)
VALUES
(
'ClamWin', 'OSX.AMCleaner'
);

/* Num: 186 */
INSERT INTO fa_riferimento(antivirus_nome, virus_conosciuto_nome)
VALUES
(
'Comodo Internet Security', 'Yankee Doodle'
);

/* Num: 187 */
INSERT INTO fa_riferimento(antivirus_nome, virus_conosciuto_nome)
VALUES
(
'ESET NOD32 Antivirus', 'Zlatko'
);

/* Num: 188 */
INSERT INTO fa_riferimento(antivirus_nome, virus_conosciuto_nome)
VALUES
(
'Kaspersky Total Security', 'Ransom.Robbinhood'
);

/* Num: 189 */
INSERT INTO fa_riferimento(antivirus_nome, virus_conosciuto_nome)
VALUES
(
'McAfee Antivirus', 'VBS.Heur.SNIC.2'
);

/* Num: 190 */
INSERT INTO fa_riferimento(antivirus_nome, virus_conosciuto_nome)
VALUES
(
'Norton 360', 'XM.Joray'
);

/* Num: 191 */
INSERT INTO fa_riferimento(antivirus_nome, virus_conosciuto_nome)
VALUES
(
'Avast Premium Security', 'ZZ331 Virus Hoax'
);

/* Num: 192 */
INSERT INTO fa_riferimento(antivirus_nome, virus_conosciuto_nome)
VALUES
(
'AVG Antivirus', 'Miner.Cpuminer'
);

/* Num: 193 */
INSERT INTO fa_riferimento(antivirus_nome, virus_conosciuto_nome)
VALUES
(
'Bitdefender Antivirus Plus', 'KidControl'
);

/* Num: 194 */
INSERT INTO fa_riferimento(antivirus_nome, virus_conosciuto_nome)
VALUES
(
'Immunet', 'ACM.Excel!g25'
);

/* Num: 195 */
INSERT INTO fa_riferimento(antivirus_nome, virus_conosciuto_nome)
VALUES
(
'ClamWin', 'FreeBSD.Scalper.Worm'
);

/* Num: 196 */
INSERT INTO fa_riferimento(antivirus_nome, virus_conosciuto_nome)
VALUES
(
'Comodo Internet Security', 'Hacktool.Rebeus'
);

/* Num: 197 */
INSERT INTO fa_riferimento(antivirus_nome, virus_conosciuto_nome)
VALUES
(
'ESET NOD32 Antivirus', 'Keychaindump'
);

/* Num: 198 */
INSERT INTO fa_riferimento(antivirus_nome, virus_conosciuto_nome)
VALUES
(
'Kaspersky Total Security', 'UltraDefragFraud!gen13'
);

/* Num: 199 */
INSERT INTO fa_riferimento(antivirus_nome, virus_conosciuto_nome)
VALUES
(
'McAfee Antivirus', 'UltraDefragFraud!gen14'
);

/* Num: 200 */
INSERT INTO fa_riferimento(antivirus_nome, virus_conosciuto_nome)
VALUES
(
'Norton 360', 'UltraDefragFraud!gen15'
);

/* Num: 201 */
INSERT INTO fa_riferimento(antivirus_nome, virus_conosciuto_nome)
VALUES
(
'Avast Premium Security', 'X97M.Romnum'
);

/* Num: 202 */
INSERT INTO fa_riferimento(antivirus_nome, virus_conosciuto_nome)
VALUES
(
'AVG Antivirus', 'UltraDefragFraud!gen16'
);

/* Num: 203 */
INSERT INTO fa_riferimento(antivirus_nome, virus_conosciuto_nome)
VALUES
(
'Bitdefender Antivirus Plus', 'UltraDefragFraud!gen17'
);

/* Num: 204 */
INSERT INTO fa_riferimento(antivirus_nome, virus_conosciuto_nome)
VALUES
(
'Immunet', 'UltraDefragFraud!gen18'
);

/* Num: 205 */
INSERT INTO fa_riferimento(antivirus_nome, virus_conosciuto_nome)
VALUES
(
'ClamWin', 'Ransom.Ryuk!gen1'
);

/* Num: 206 */
INSERT INTO fa_riferimento(antivirus_nome, virus_conosciuto_nome)
VALUES
(
'Comodo Internet Security', 'VBS.Cloud.1'
);

/* Num: 207 */
INSERT INTO fa_riferimento(antivirus_nome, virus_conosciuto_nome)
VALUES
(
'ESET NOD32 Antivirus', 'XM.Mailcab@mm'
);

/* Num: 208 */
INSERT INTO fa_riferimento(antivirus_nome, virus_conosciuto_nome)
VALUES
(
'Kaspersky Total Security', 'CL.Downloader!gen112'
);

/* Num: 209 */
INSERT INTO fa_riferimento(antivirus_nome, virus_conosciuto_nome)
VALUES
(
'McAfee Antivirus', 'Exp.CVE-2019-0888'
);

/* Num: 210 */
INSERT INTO fa_riferimento(antivirus_nome, virus_conosciuto_nome)
VALUES
(
'Norton 360', 'FakeCloudAV2012'
);

/* Num: 211 */
INSERT INTO fa_riferimento(antivirus_nome, virus_conosciuto_nome)
VALUES
(
'Avast Premium Security', 'MSH.Backdoor'
);

/* Num: 212 */
INSERT INTO fa_riferimento(antivirus_nome, virus_conosciuto_nome)
VALUES
(
'AVG Antivirus', 'Netbus.Patcher'
);

/* Num: 213 */
INSERT INTO fa_riferimento(antivirus_nome, virus_conosciuto_nome)
VALUES
(
'Bitdefender Antivirus Plus', 'UltraDefragFraud!gen10'
);

/* Num: 214 */
INSERT INTO fa_riferimento(antivirus_nome, virus_conosciuto_nome)
VALUES
(
'Immunet', 'XpAntivirus!gen1'
);

/* Num: 215 */
INSERT INTO fa_riferimento(antivirus_nome, virus_conosciuto_nome)
VALUES
(
'ClamWin', 'Gamevance!gen4'
);

/* Num: 216 */
INSERT INTO fa_riferimento(antivirus_nome, virus_conosciuto_nome)
VALUES
(
'Comodo Internet Security', 'UltraDefragFraud!gen11'
);

/* Num: 217 */
INSERT INTO fa_riferimento(antivirus_nome, virus_conosciuto_nome)
VALUES
(
'ESET NOD32 Antivirus', 'Firepass'
);

/* Num: 218 */
INSERT INTO fa_riferimento(antivirus_nome, virus_conosciuto_nome)
VALUES
(
'Kaspersky Total Security', 'Unix.LinuxEncoder.B'
);

/* Num: 219 */
INSERT INTO fa_riferimento(antivirus_nome, virus_conosciuto_nome)
VALUES
(
'McAfee Antivirus', 'X97M.Ecmetsys'
);

/* Num: 220 */
INSERT INTO fa_riferimento(antivirus_nome, virus_conosciuto_nome)
VALUES
(
'Norton 360', 'Joke.Clippy'
);

/* Num: 221 */
INSERT INTO fa_riferimento(antivirus_nome, virus_conosciuto_nome)
VALUES
(
'Avast Premium Security', 'Linux.Masuta.B'
);

/* Num: 222 */
INSERT INTO fa_riferimento(antivirus_nome, virus_conosciuto_nome)
VALUES
(
'AVG Antivirus', 'NortelAntivirus'
);

/* Num: 223 */
INSERT INTO fa_riferimento(antivirus_nome, virus_conosciuto_nome)
VALUES
(
'Bitdefender Antivirus Plus', 'Downloader.Miner'
);

/* Num: 224 */
INSERT INTO fa_riferimento(antivirus_nome, virus_conosciuto_nome)
VALUES
(
'Immunet', 'GuardCenter'
);

/* Num: 225 */
INSERT INTO fa_riferimento(antivirus_nome, virus_conosciuto_nome)
VALUES
(
'ClamWin', 'Kerbcrack'
);

/* Num: 226 */
INSERT INTO fa_riferimento(antivirus_nome, virus_conosciuto_nome)
VALUES
(
'Comodo Internet Security', 'Keylogger.Mose'
);

/* Num: 227 */
INSERT INTO fa_riferimento(antivirus_nome, virus_conosciuto_nome)
VALUES
(
'ESET NOD32 Antivirus', 'Miner.Neoscrypt'
);

/* Num: 228 */
INSERT INTO fa_riferimento(antivirus_nome, virus_conosciuto_nome)
VALUES
(
'Kaspersky Total Security', 'Quandary'
);

/* Num: 229 */
INSERT INTO fa_riferimento(antivirus_nome, virus_conosciuto_nome)
VALUES
(
'McAfee Antivirus', 'YahooSpyMon'
);

/* Num: 230 */
INSERT INTO fa_riferimento(antivirus_nome, virus_conosciuto_nome)
VALUES
(
'Norton 360', 'Kazaap'
);

/* Num: 231 */
INSERT INTO fa_riferimento(antivirus_nome, virus_conosciuto_nome)
VALUES
(
'Avast Premium Security', 'Miner.Burst'
);

/* Num: 232 */
INSERT INTO fa_riferimento(antivirus_nome, virus_conosciuto_nome)
VALUES
(
'AVG Antivirus', 'XF.Lugunay!dam'
);

/* Num: 233 */
INSERT INTO fa_riferimento(antivirus_nome, virus_conosciuto_nome)
VALUES
(
'Bitdefender Antivirus Plus', 'Zeton.Mirc'
);

/* Num: 234 */
INSERT INTO fa_riferimento(antivirus_nome, virus_conosciuto_nome)
VALUES
(
'Immunet', 'YIM Hard drive killer Hoax'
);

/* Num: 235 */
INSERT INTO fa_riferimento(antivirus_nome, virus_conosciuto_nome)
VALUES
(
'ClamWin', 'Linux.Satori.B'
);

/* Num: 236 */
INSERT INTO fa_riferimento(antivirus_nome, virus_conosciuto_nome)
VALUES
(
'Comodo Internet Security', 'NetCat'
);

/* Num: 237 */
INSERT INTO fa_riferimento(antivirus_nome, virus_conosciuto_nome)
VALUES
(
'ESET NOD32 Antivirus', 'XF.Padrepex'
);

/* Num: 238 */
INSERT INTO fa_riferimento(antivirus_nome, virus_conosciuto_nome)
VALUES
(
'Kaspersky Total Security', 'Keylogger.Cone.Trojan'
);

/* Num: 239 */
INSERT INTO fa_riferimento(antivirus_nome, virus_conosciuto_nome)
VALUES
(
'McAfee Antivirus', 'Ransom.Maze'
);

/* Num: 240 */
INSERT INTO fa_riferimento(antivirus_nome, virus_conosciuto_nome)
VALUES
(
'Norton 360', 'FreeBSD.Rootkit'
);

/* Num: 241 */
INSERT INTO fa_riferimento(antivirus_nome, virus_conosciuto_nome)
VALUES
(
'Avast Premium Security', 'FileFixProfessional'
);

/* Num: 242 */
INSERT INTO fa_riferimento(antivirus_nome, virus_conosciuto_nome)
VALUES
(
'AVG Antivirus', 'VBS.Downloader!gen4'
);

/* Num: 243 */
INSERT INTO fa_riferimento(antivirus_nome, virus_conosciuto_nome)
VALUES
(
'Bitdefender Antivirus Plus', 'Hacktool.Sharpdpapi'
);

/* Num: 244 */
INSERT INTO fa_riferimento(antivirus_nome, virus_conosciuto_nome)
VALUES
(
'Immunet', 'Ydaerla'
);

/* Num: 245 */
INSERT INTO fa_riferimento(antivirus_nome, virus_conosciuto_nome)
VALUES
(
'ClamWin', 'Trojan.Golpiks'
);

/* Num: 246 */
INSERT INTO fa_riferimento(antivirus_nome, virus_conosciuto_nome)
VALUES
(
'Comodo Internet Security', 'VBS.Downloader!gen5'
);

/* Num: 247 */
INSERT INTO fa_riferimento(antivirus_nome, virus_conosciuto_nome)
VALUES
(
'ESET NOD32 Antivirus', 'November_17th.855.A'
);

/* Num: 248 */
INSERT INTO fa_riferimento(antivirus_nome, virus_conosciuto_nome)
VALUES
(
'Kaspersky Total Security', 'Npox-963.A'
);

/* Num: 249 */
INSERT INTO fa_riferimento(antivirus_nome, virus_conosciuto_nome)
VALUES
(
'McAfee Antivirus', 'Year 1992 (x)'
);

/* Num: 250 */
INSERT INTO fa_riferimento(antivirus_nome, virus_conosciuto_nome)
VALUES
(
'Norton 360', 'OSX.Netweird.B'
);


/* Tabella Attacca */
/* Num: 1 */
INSERT INTO attacca(virus_conosciuto_nome, sistema_afflitto_nome)
VALUES
(
'CL.Downloader!gen122', 'Android'
);

/* Num: 2 */
INSERT INTO attacca(virus_conosciuto_nome, sistema_afflitto_nome)
VALUES
(
'Exp.CVE-2019-1429', 'Linux'
);

/* Num: 3 */
INSERT INTO attacca(virus_conosciuto_nome, sistema_afflitto_nome)
VALUES
(
'ISB.Downloader!gen313', 'MacOS'
);

/* Num: 4 */
INSERT INTO attacca(virus_conosciuto_nome, sistema_afflitto_nome)
VALUES
(
'Ransom.Lilocked', 'Windows'
);

/* Num: 5 */
INSERT INTO attacca(virus_conosciuto_nome, sistema_afflitto_nome)
VALUES
(
'W64.Cridex!gen8', 'Android'
);

/* Num: 6 */
INSERT INTO attacca(virus_conosciuto_nome, sistema_afflitto_nome)
VALUES
(
'ISB.Downloader!gen314', 'Linux'
);

/* Num: 7 */
INSERT INTO attacca(virus_conosciuto_nome, sistema_afflitto_nome)
VALUES
(
'FixToolFraud', 'MacOS'
);

/* Num: 8 */
INSERT INTO attacca(virus_conosciuto_nome, sistema_afflitto_nome)
VALUES
(
'Hacktool.Safetykatz', 'Windows'
);

/* Num: 9 */
INSERT INTO attacca(virus_conosciuto_nome, sistema_afflitto_nome)
VALUES
(
'November_17th.800.A', 'Android'
);

/* Num: 10 */
INSERT INTO attacca(virus_conosciuto_nome, sistema_afflitto_nome)
VALUES
(
'OSX.Calisto', 'Linux'
);

/* Num: 11 */
INSERT INTO attacca(virus_conosciuto_nome, sistema_afflitto_nome)
VALUES
(
'VBS.Rosekernel!g1', 'MacOS'
);

/* Num: 12 */
INSERT INTO attacca(virus_conosciuto_nome, sistema_afflitto_nome)
VALUES
(
'Your Screen Name Hoax', 'Windows'
);

/* Num: 13 */
INSERT INTO attacca(virus_conosciuto_nome, sistema_afflitto_nome)
VALUES
(
'Ransom.Nemty', 'Android'
);

/* Num: 14 */
INSERT INTO attacca(virus_conosciuto_nome, sistema_afflitto_nome)
VALUES
(
'W32.Extrat.C', 'Linux'
);

/* Num: 15 */
INSERT INTO attacca(virus_conosciuto_nome, sistema_afflitto_nome)
VALUES
(
'ACM.Excel!g255', 'MacOS'
);

/* Num: 16 */
INSERT INTO attacca(virus_conosciuto_nome, sistema_afflitto_nome)
VALUES
(
'Backdoor.Gocon', 'Windows'
);

/* Num: 17 */
INSERT INTO attacca(virus_conosciuto_nome, sistema_afflitto_nome)
VALUES
(
'CL.Downloader!gen144', 'Android'
);

/* Num: 18 */
INSERT INTO attacca(virus_conosciuto_nome, sistema_afflitto_nome)
VALUES
(
'Downloader.Keapot', 'Linux'
);

/* Num: 19 */
INSERT INTO attacca(virus_conosciuto_nome, sistema_afflitto_nome)
VALUES
(
'Gamevance!gen6', 'MacOS'
);

/* Num: 20 */
INSERT INTO attacca(virus_conosciuto_nome, sistema_afflitto_nome)
VALUES
(
'CL.Downloader!gen130', 'Windows'
);

/* Num: 21 */
INSERT INTO attacca(virus_conosciuto_nome, sistema_afflitto_nome)
VALUES
(
'Downloader.Zacinlo', 'Android'
);

/* Num: 22 */
INSERT INTO attacca(virus_conosciuto_nome, sistema_afflitto_nome)
VALUES
(
'CL.Downloader!gen110', 'Linux'
);

/* Num: 23 */
INSERT INTO attacca(virus_conosciuto_nome, sistema_afflitto_nome)
VALUES
(
'Exp.CVE-2017-11882!g4', 'MacOS'
);

/* Num: 24 */
INSERT INTO attacca(virus_conosciuto_nome, sistema_afflitto_nome)
VALUES
(
'Exp.CVE-2019-0859', 'Windows'
);

/* Num: 25 */
INSERT INTO attacca(virus_conosciuto_nome, sistema_afflitto_nome)
VALUES
(
'Miner.Softminer', 'Android'
);

/* Num: 26 */
INSERT INTO attacca(virus_conosciuto_nome, sistema_afflitto_nome)
VALUES
(
'Netbus.160.Dropper', 'Linux'
);

/* Num: 27 */
INSERT INTO attacca(virus_conosciuto_nome, sistema_afflitto_nome)
VALUES
(
'OSX.Miner.XMRig!g1', 'MacOS'
);

/* Num: 28 */
INSERT INTO attacca(virus_conosciuto_nome, sistema_afflitto_nome)
VALUES
(
'VBS.Rosekernel', 'Windows'
);

/* Num: 29 */
INSERT INTO attacca(virus_conosciuto_nome, sistema_afflitto_nome)
VALUES
(
'Trojan.Zerocleare', 'Android'
);

/* Num: 30 */
INSERT INTO attacca(virus_conosciuto_nome, sistema_afflitto_nome)
VALUES
(
'Downloader.Zacinlo!g1', 'Linux'
);

/* Num: 31 */
INSERT INTO attacca(virus_conosciuto_nome, sistema_afflitto_nome)
VALUES
(
'ISB.Dropper!gen15', 'MacOS'
);

/* Num: 32 */
INSERT INTO attacca(virus_conosciuto_nome, sistema_afflitto_nome)
VALUES
(
'Trojan.Reaver!gen1', 'Windows'
);

/* Num: 33 */
INSERT INTO attacca(virus_conosciuto_nome, sistema_afflitto_nome)
VALUES
(
'Zag.1106', 'Android'
);

/* Num: 34 */
INSERT INTO attacca(virus_conosciuto_nome, sistema_afflitto_nome)
VALUES
(
'W97M.Downloader!gen36', 'Linux'
);

/* Num: 35 */
INSERT INTO attacca(virus_conosciuto_nome, sistema_afflitto_nome)
VALUES
(
'Trojan.Chinchop', 'MacOS'
);

/* Num: 36 */
INSERT INTO attacca(virus_conosciuto_nome, sistema_afflitto_nome)
VALUES
(
'W32.Bulehero', 'Windows'
);

/* Num: 37 */
INSERT INTO attacca(virus_conosciuto_nome, sistema_afflitto_nome)
VALUES
(
'Trojan.Dupanyl!gm', 'Android'
);

/* Num: 38 */
INSERT INTO attacca(virus_conosciuto_nome, sistema_afflitto_nome)
VALUES
(
'ISB.Downloader!gen310', 'Linux'
);

/* Num: 39 */
INSERT INTO attacca(virus_conosciuto_nome, sistema_afflitto_nome)
VALUES
(
'W32.Qakbot!gen20', 'MacOS'
);

/* Num: 40 */
INSERT INTO attacca(virus_conosciuto_nome, sistema_afflitto_nome)
VALUES
(
'Trojan.Spoofane', 'Windows'
);

/* Num: 41 */
INSERT INTO attacca(virus_conosciuto_nome, sistema_afflitto_nome)
VALUES
(
'ISB.Downloader!gen330', 'Android'
);

/* Num: 42 */
INSERT INTO attacca(virus_conosciuto_nome, sistema_afflitto_nome)
VALUES
(
'Exp.CVE-2017-11774', 'Linux'
);

/* Num: 43 */
INSERT INTO attacca(virus_conosciuto_nome, sistema_afflitto_nome)
VALUES
(
'ISB.Downloader!gen318', 'MacOS'
);

/* Num: 44 */
INSERT INTO attacca(virus_conosciuto_nome, sistema_afflitto_nome)
VALUES
(
'MSH.Backdoor!g1', 'Windows'
);

/* Num: 45 */
INSERT INTO attacca(virus_conosciuto_nome, sistema_afflitto_nome)
VALUES
(
'ACM.DocView!g1', 'Android'
);

/* Num: 46 */
INSERT INTO attacca(virus_conosciuto_nome, sistema_afflitto_nome)
VALUES
(
'ACM.DocView!g2', 'Linux'
);

/* Num: 47 */
INSERT INTO attacca(virus_conosciuto_nome, sistema_afflitto_nome)
VALUES
(
'ACM.DocView!g25', 'MacOS'
);

/* Num: 48 */
INSERT INTO attacca(virus_conosciuto_nome, sistema_afflitto_nome)
VALUES
(
'ACM.DocView!g26', 'Windows'
);

/* Num: 49 */
INSERT INTO attacca(virus_conosciuto_nome, sistema_afflitto_nome)
VALUES
(
'ACM.DocView!g27', 'Android'
);

/* Num: 50 */
INSERT INTO attacca(virus_conosciuto_nome, sistema_afflitto_nome)
VALUES
(
'ACM.DocView!g28', 'Linux'
);

/* Num: 51 */
INSERT INTO attacca(virus_conosciuto_nome, sistema_afflitto_nome)
VALUES
(
'ACM.DocView!g29', 'MacOS'
);

/* Num: 52 */
INSERT INTO attacca(virus_conosciuto_nome, sistema_afflitto_nome)
VALUES
(
'Backdoor.Netegol!gm', 'Windows'
);

/* Num: 53 */
INSERT INTO attacca(virus_conosciuto_nome, sistema_afflitto_nome)
VALUES
(
'Backdoor.Hyperbro', 'Android'
);

/* Num: 54 */
INSERT INTO attacca(virus_conosciuto_nome, sistema_afflitto_nome)
VALUES
(
'Backdoor.Priwidd', 'Linux'
);

/* Num: 55 */
INSERT INTO attacca(virus_conosciuto_nome, sistema_afflitto_nome)
VALUES
(
'CL.Downloader!gen123', 'MacOS'
);

/* Num: 56 */
INSERT INTO attacca(virus_conosciuto_nome, sistema_afflitto_nome)
VALUES
(
'Exp.CVE-2019-1367', 'Windows'
);

/* Num: 57 */
INSERT INTO attacca(virus_conosciuto_nome, sistema_afflitto_nome)
VALUES
(
'FilesSecure', 'Android'
);

/* Num: 58 */
INSERT INTO attacca(virus_conosciuto_nome, sistema_afflitto_nome)
VALUES
(
'JS.Deehunp', 'Linux'
);

/* Num: 59 */
INSERT INTO attacca(virus_conosciuto_nome, sistema_afflitto_nome)
VALUES
(
'X97M.Goldendrop', 'MacOS'
);

/* Num: 60 */
INSERT INTO attacca(virus_conosciuto_nome, sistema_afflitto_nome)
VALUES
(
'ACM.DocView!g12', 'Windows'
);

/* Num: 61 */
INSERT INTO attacca(virus_conosciuto_nome, sistema_afflitto_nome)
VALUES
(
'ACM.DocVew!g232', 'Android'
);

/* Num: 62 */
INSERT INTO attacca(virus_conosciuto_nome, sistema_afflitto_nome)
VALUES
(
'ACM.DocView!g254', 'Linux'
);

/* Num: 63 */
INSERT INTO attacca(virus_conosciuto_nome, sistema_afflitto_nome)
VALUES
(
'ACM.DocView!g266', 'MacOS'
);

/* Num: 64 */
INSERT INTO attacca(virus_conosciuto_nome, sistema_afflitto_nome)
VALUES
(
'ACM.DocView!g27l', 'Windows'
);

/* Num: 65 */
INSERT INTO attacca(virus_conosciuto_nome, sistema_afflitto_nome)
VALUES
(
'ACM.DocView!28', 'Android'
);

/* Num: 66 */
INSERT INTO attacca(virus_conosciuto_nome, sistema_afflitto_nome)
VALUES
(
'ACM.DocView!g29i', 'Linux'
);

/* Num: 67 */
INSERT INTO attacca(virus_conosciuto_nome, sistema_afflitto_nome)
VALUES
(
'ACM.DocView!g232', 'MacOS'
);

/* Num: 68 */
INSERT INTO attacca(virus_conosciuto_nome, sistema_afflitto_nome)
VALUES
(
'Exp.CVE-2019-0752!g1', 'Windows'
);

/* Num: 69 */
INSERT INTO attacca(virus_conosciuto_nome, sistema_afflitto_nome)
VALUES
(
'OSX.Malcol.3', 'Android'
);

/* Num: 70 */
INSERT INTO attacca(virus_conosciuto_nome, sistema_afflitto_nome)
VALUES
(
'Backdoor.Wellmess', 'Linux'
);

/* Num: 71 */
INSERT INTO attacca(virus_conosciuto_nome, sistema_afflitto_nome)
VALUES
(
'Backdoor.Hyperbro!gm', 'MacOS'
);

/* Num: 72 */
INSERT INTO attacca(virus_conosciuto_nome, sistema_afflitto_nome)
VALUES
(
'Ransom.Hybirdmy', 'Windows'
);

/* Num: 73 */
INSERT INTO attacca(virus_conosciuto_nome, sistema_afflitto_nome)
VALUES
(
'Ransom.Hybirdmy!g1', 'Android'
);

/* Num: 74 */
INSERT INTO attacca(virus_conosciuto_nome, sistema_afflitto_nome)
VALUES
(
'Trojan.Varenyky', 'Linux'
);

/* Num: 75 */
INSERT INTO attacca(virus_conosciuto_nome, sistema_afflitto_nome)
VALUES
(
'FileExec', 'MacOS'
);

/* Num: 76 */
INSERT INTO attacca(virus_conosciuto_nome, sistema_afflitto_nome)
VALUES
(
'Hacktool.Sharphound', 'Windows'
);

/* Num: 77 */
INSERT INTO attacca(virus_conosciuto_nome, sistema_afflitto_nome)
VALUES
(
'MSH.Dropper', 'Android'
);

/* Num: 78 */
INSERT INTO attacca(virus_conosciuto_nome, sistema_afflitto_nome)
VALUES
(
'No_Frills.Dudley', 'Linux'
);

/* Num: 79 */
INSERT INTO attacca(virus_conosciuto_nome, sistema_afflitto_nome)
VALUES
(
'Linux.Speakup', 'MacOS'
);

/* Num: 80 */
INSERT INTO attacca(virus_conosciuto_nome, sistema_afflitto_nome)
VALUES
(
'Ransom.Buran', 'Windows'
);

/* Num: 81 */
INSERT INTO attacca(virus_conosciuto_nome, sistema_afflitto_nome)
VALUES
(
'Gamevance!gen1', 'Android'
);

/* Num: 82 */
INSERT INTO attacca(virus_conosciuto_nome, sistema_afflitto_nome)
VALUES
(
'Google Trojan Hoax', 'Linux'
);

/* Num: 83 */
INSERT INTO attacca(virus_conosciuto_nome, sistema_afflitto_nome)
VALUES
(
'Got You Hoax', 'MacOS'
);

/* Num: 84 */
INSERT INTO attacca(virus_conosciuto_nome, sistema_afflitto_nome)
VALUES
(
'Heur.Malcode!gen4', 'Windows'
);

/* Num: 85 */
INSERT INTO attacca(virus_conosciuto_nome, sistema_afflitto_nome)
VALUES
(
'Hacktool.Rotpotato!g1', 'Android'
);

/* Num: 86 */
INSERT INTO attacca(virus_conosciuto_nome, sistema_afflitto_nome)
VALUES
(
'Hacktool.Rotpotato', 'Linux'
);

/* Num: 87 */
INSERT INTO attacca(virus_conosciuto_nome, sistema_afflitto_nome)
VALUES
(
'Hacktool.Avet', 'MacOS'
);

/* Num: 88 */
INSERT INTO attacca(virus_conosciuto_nome, sistema_afflitto_nome)
VALUES
(
'Hacktool.Foxplace', 'Windows'
);

/* Num: 89 */
INSERT INTO attacca(virus_conosciuto_nome, sistema_afflitto_nome)
VALUES
(
'ISB.Downloader!gen324', 'Android'
);

/* Num: 90 */
INSERT INTO attacca(virus_conosciuto_nome, sistema_afflitto_nome)
VALUES
(
'JS.Heur.SNIC.2', 'Linux'
);

/* Num: 91 */
INSERT INTO attacca(virus_conosciuto_nome, sistema_afflitto_nome)
VALUES
(
'JS.Cloud.2', 'MacOS'
);

/* Num: 92 */
INSERT INTO attacca(virus_conosciuto_nome, sistema_afflitto_nome)
VALUES
(
'JS.Cloud.4', 'Windows'
);

/* Num: 93 */
INSERT INTO attacca(virus_conosciuto_nome, sistema_afflitto_nome)
VALUES
(
'Kleneu66 Hoax', 'Android'
);

/* Num: 94 */
INSERT INTO attacca(virus_conosciuto_nome, sistema_afflitto_nome)
VALUES
(
'Miner.Kingminer', 'Linux'
);

/* Num: 95 */
INSERT INTO attacca(virus_conosciuto_nome, sistema_afflitto_nome)
VALUES
(
'POL.B.PECMsbuild', 'MacOS'
);

/* Num: 96 */
INSERT INTO attacca(virus_conosciuto_nome, sistema_afflitto_nome)
VALUES
(
'POL.B.PECPsexesvc', 'Windows'
);

/* Num: 97 */
INSERT INTO attacca(virus_conosciuto_nome, sistema_afflitto_nome)
VALUES
(
'POL.B.PSTBitsadmin', 'Android'
);

/* Num: 98 */
INSERT INTO attacca(virus_conosciuto_nome, sistema_afflitto_nome)
VALUES
(
'POL.B.PSTCscriptPdfRd', 'Linux'
);

/* Num: 99 */
INSERT INTO attacca(virus_conosciuto_nome, sistema_afflitto_nome)
VALUES
(
'POL.B.PSTMshtaOffice', 'MacOS'
);

/* Num: 100 */
INSERT INTO attacca(virus_conosciuto_nome, sistema_afflitto_nome)
VALUES
(
'POL.B.PSTMshtaPdfRd', 'Windows'
);

/* Num: 101 */
INSERT INTO attacca(virus_conosciuto_nome, sistema_afflitto_nome)
VALUES
(
'POL.B.PSTPowershPdfRd', 'Android'
);

/* Num: 102 */
INSERT INTO attacca(virus_conosciuto_nome, sistema_afflitto_nome)
VALUES
(
'POL.B.PSTPowshOffice', 'Linux'
);

/* Num: 103 */
INSERT INTO attacca(virus_conosciuto_nome, sistema_afflitto_nome)
VALUES
(
'POL.B.PSTWscriptOffic', 'MacOS'
);

/* Num: 104 */
INSERT INTO attacca(virus_conosciuto_nome, sistema_afflitto_nome)
VALUES
(
'POL.B.PSTWscriptPdfRd', 'Windows'
);

/* Num: 105 */
INSERT INTO attacca(virus_conosciuto_nome, sistema_afflitto_nome)
VALUES
(
'QRry', 'Android'
);

/* Num: 106 */
INSERT INTO attacca(virus_conosciuto_nome, sistema_afflitto_nome)
VALUES
(
'XLGuarder', 'Linux'
);

/* Num: 107 */
INSERT INTO attacca(virus_conosciuto_nome, sistema_afflitto_nome)
VALUES
(
'Backdoor.Lookback', 'MacOS'
);

/* Num: 108 */
INSERT INTO attacca(virus_conosciuto_nome, sistema_afflitto_nome)
VALUES
(
'W64.Flobal', 'Windows'
);

/* Num: 109 */
INSERT INTO attacca(virus_conosciuto_nome, sistema_afflitto_nome)
VALUES
(
'ACM.PowerPoint!g25u', 'Android'
);

/* Num: 110 */
INSERT INTO attacca(virus_conosciuto_nome, sistema_afflitto_nome)
VALUES
(
'ACM.Word!g25p', 'Linux'
);

/* Num: 111 */
INSERT INTO attacca(virus_conosciuto_nome, sistema_afflitto_nome)
VALUES
(
'Backdoor.Syskit', 'MacOS'
);

/* Num: 112 */
INSERT INTO attacca(virus_conosciuto_nome, sistema_afflitto_nome)
VALUES
(
'Backdoor.Pymet', 'Windows'
);

/* Num: 113 */
INSERT INTO attacca(virus_conosciuto_nome, sistema_afflitto_nome)
VALUES
(
'CL.Downloader!gen147', 'Android'
);

/* Num: 114 */
INSERT INTO attacca(virus_conosciuto_nome, sistema_afflitto_nome)
VALUES
(
'CL.Downloader!gen131', 'Linux'
);

/* Num: 115 */
INSERT INTO attacca(virus_conosciuto_nome, sistema_afflitto_nome)
VALUES
(
'Downloader.Jumpta', 'MacOS'
);

/* Num: 116 */
INSERT INTO attacca(virus_conosciuto_nome, sistema_afflitto_nome)
VALUES
(
'Downloader.Jumpta!g1', 'Windows'
);

/* Num: 117 */
INSERT INTO attacca(virus_conosciuto_nome, sistema_afflitto_nome)
VALUES
(
'Exp.CVE-2018-8120', 'Android'
);

/* Num: 118 */
INSERT INTO attacca(virus_conosciuto_nome, sistema_afflitto_nome)
VALUES
(
'Gamevance!gen5', 'Linux'
);

/* Num: 119 */
INSERT INTO attacca(virus_conosciuto_nome, sistema_afflitto_nome)
VALUES
(
'ACM.PowerPoint!g25', 'MacOS'
);

/* Num: 120 */
INSERT INTO attacca(virus_conosciuto_nome, sistema_afflitto_nome)
VALUES
(
'ACM.Word!g25', 'Windows'
);

/* Num: 121 */
INSERT INTO attacca(virus_conosciuto_nome, sistema_afflitto_nome)
VALUES
(
'Infostealer.Coonrac', 'Android'
);

/* Num: 122 */
INSERT INTO attacca(virus_conosciuto_nome, sistema_afflitto_nome)
VALUES
(
'JS.Redirector!gen5', 'Linux'
);

/* Num: 123 */
INSERT INTO attacca(virus_conosciuto_nome, sistema_afflitto_nome)
VALUES
(
'Linux.Ekcorminer', 'MacOS'
);

/* Num: 124 */
INSERT INTO attacca(virus_conosciuto_nome, sistema_afflitto_nome)
VALUES
(
'OSX.Keysteal', 'Windows'
);

/* Num: 125 */
INSERT INTO attacca(virus_conosciuto_nome, sistema_afflitto_nome)
VALUES
(
'OSX.AMCleaner!g1', 'Android'
);

/* Num: 126 */
INSERT INTO attacca(virus_conosciuto_nome, sistema_afflitto_nome)
VALUES
(
'W32.Beapy!gen1', 'Linux'
);

/* Num: 127 */
INSERT INTO attacca(virus_conosciuto_nome, sistema_afflitto_nome)
VALUES
(
'Trojan.Dupanyl', 'MacOS'
);

/* Num: 128 */
INSERT INTO attacca(virus_conosciuto_nome, sistema_afflitto_nome)
VALUES
(
'Bloodhound.DBmacro!g1', 'Windows'
);

/* Num: 129 */
INSERT INTO attacca(virus_conosciuto_nome, sistema_afflitto_nome)
VALUES
(
'X97M.Laroux.gen2', 'Android'
);

/* Num: 130 */
INSERT INTO attacca(virus_conosciuto_nome, sistema_afflitto_nome)
VALUES
(
'Ransom.Bitpaymer!gm', 'Linux'
);

/* Num: 131 */
INSERT INTO attacca(virus_conosciuto_nome, sistema_afflitto_nome)
VALUES
(
'Trojan.Anchorbot', 'MacOS'
);

/* Num: 132 */
INSERT INTO attacca(virus_conosciuto_nome, sistema_afflitto_nome)
VALUES
(
'Zelu', 'Windows'
);

/* Num: 133 */
INSERT INTO attacca(virus_conosciuto_nome, sistema_afflitto_nome)
VALUES
(
'W32.Beapy', 'Android'
);

/* Num: 134 */
INSERT INTO attacca(virus_conosciuto_nome, sistema_afflitto_nome)
VALUES
(
'Trojan.Fenkrib!gen3', 'Linux'
);

/* Num: 135 */
INSERT INTO attacca(virus_conosciuto_nome, sistema_afflitto_nome)
VALUES
(
'Miner.Bitcoinminer!g1', 'MacOS'
);

/* Num: 136 */
INSERT INTO attacca(virus_conosciuto_nome, sistema_afflitto_nome)
VALUES
(
'CL.Downloader!gen119', 'Windows'
);

/* Num: 137 */
INSERT INTO attacca(virus_conosciuto_nome, sistema_afflitto_nome)
VALUES
(
'Downloader.Miner!g1', 'Android'
);

/* Num: 138 */
INSERT INTO attacca(virus_conosciuto_nome, sistema_afflitto_nome)
VALUES
(
'Exp.CVE-2019-1215', 'Linux'
);

/* Num: 139 */
INSERT INTO attacca(virus_conosciuto_nome, sistema_afflitto_nome)
VALUES
(
'OSX.Trojan.Gen.2', 'MacOS'
);

/* Num: 140 */
INSERT INTO attacca(virus_conosciuto_nome, sistema_afflitto_nome)
VALUES
(
'FreeSpyScanRemove', 'Windows'
);

/* Num: 141 */
INSERT INTO attacca(virus_conosciuto_nome, sistema_afflitto_nome)
VALUES
(
'Infostealer.Browexp', 'Android'
);

/* Num: 142 */
INSERT INTO attacca(virus_conosciuto_nome, sistema_afflitto_nome)
VALUES
(
'JS.Cesaletat', 'Linux'
);

/* Num: 143 */
INSERT INTO attacca(virus_conosciuto_nome, sistema_afflitto_nome)
VALUES
(
'Linux.Hajime', 'MacOS'
);

/* Num: 144 */
INSERT INTO attacca(virus_conosciuto_nome, sistema_afflitto_nome)
VALUES
(
'VBS.Downloader.D', 'Windows'
);

/* Num: 145 */
INSERT INTO attacca(virus_conosciuto_nome, sistema_afflitto_nome)
VALUES
(
'Zendown.Trojan', 'Android'
);

/* Num: 146 */
INSERT INTO attacca(virus_conosciuto_nome, sistema_afflitto_nome)
VALUES
(
'OSX.Shlayer', 'Linux'
);

/* Num: 147 */
INSERT INTO attacca(virus_conosciuto_nome, sistema_afflitto_nome)
VALUES
(
'Y2K7 Virus Hoax', 'MacOS'
);

/* Num: 148 */
INSERT INTO attacca(virus_conosciuto_nome, sistema_afflitto_nome)
VALUES
(
'VBS.Tendnob', 'Windows'
);

/* Num: 149 */
INSERT INTO attacca(virus_conosciuto_nome, sistema_afflitto_nome)
VALUES
(
'Zinaps', 'Android'
);

/* Num: 150 */
INSERT INTO attacca(virus_conosciuto_nome, sistema_afflitto_nome)
VALUES
(
'CL.Downloader!gen126', 'Linux'
);

/* Num: 151 */
INSERT INTO attacca(virus_conosciuto_nome, sistema_afflitto_nome)
VALUES
(
'Downloader.Powload', 'MacOS'
);

/* Num: 152 */
INSERT INTO attacca(virus_conosciuto_nome, sistema_afflitto_nome)
VALUES
(
'Hacktool.Uacbypass!g1', 'Windows'
);

/* Num: 153 */
INSERT INTO attacca(virus_conosciuto_nome, sistema_afflitto_nome)
VALUES
(
'Linux.Chalubo', 'Android'
);

/* Num: 154 */
INSERT INTO attacca(virus_conosciuto_nome, sistema_afflitto_nome)
VALUES
(
'Fer.Kruel', 'Linux'
);

/* Num: 155 */
INSERT INTO attacca(virus_conosciuto_nome, sistema_afflitto_nome)
VALUES
(
'JS.Windivert', 'MacOS'
);

/* Num: 156 */
INSERT INTO attacca(virus_conosciuto_nome, sistema_afflitto_nome)
VALUES
(
'JS.Facexworm', 'Windows'
);

/* Num: 157 */
INSERT INTO attacca(virus_conosciuto_nome, sistema_afflitto_nome)
VALUES
(
'Downloader.Malurl', 'Android'
);

/* Num: 158 */
INSERT INTO attacca(virus_conosciuto_nome, sistema_afflitto_nome)
VALUES
(
'GmailHackerProFraud', 'Linux'
);

/* Num: 159 */
INSERT INTO attacca(virus_conosciuto_nome, sistema_afflitto_nome)
VALUES
(
'ISB.Downloader!gen303', 'MacOS'
);

/* Num: 160 */
INSERT INTO attacca(virus_conosciuto_nome, sistema_afflitto_nome)
VALUES
(
'Keylogger.Stawin', 'Windows'
);

/* Num: 161 */
INSERT INTO attacca(virus_conosciuto_nome, sistema_afflitto_nome)
VALUES
(
'Quox', 'Android'
);

/* Num: 162 */
INSERT INTO attacca(virus_conosciuto_nome, sistema_afflitto_nome)
VALUES
(
'W64.Gobot2!gen1', 'Linux'
);

/* Num: 163 */
INSERT INTO attacca(virus_conosciuto_nome, sistema_afflitto_nome)
VALUES
(
'Linux.Badbee', 'MacOS'
);

/* Num: 164 */
INSERT INTO attacca(virus_conosciuto_nome, sistema_afflitto_nome)
VALUES
(
'VBS.Forbiks', 'Windows'
);

/* Num: 165 */
INSERT INTO attacca(virus_conosciuto_nome, sistema_afflitto_nome)
VALUES
(
'Linux.Satori', 'Android'
);

/* Num: 166 */
INSERT INTO attacca(virus_conosciuto_nome, sistema_afflitto_nome)
VALUES
(
'Gsecdump', 'Linux'
);

/* Num: 167 */
INSERT INTO attacca(virus_conosciuto_nome, sistema_afflitto_nome)
VALUES
(
'KIX.Ixlam.A', 'MacOS'
);

/* Num: 168 */
INSERT INTO attacca(virus_conosciuto_nome, sistema_afflitto_nome)
VALUES
(
'Miner.XMRig!gen1', 'Windows'
);

/* Num: 169 */
INSERT INTO attacca(virus_conosciuto_nome, sistema_afflitto_nome)
VALUES
(
'Quiver', 'Android'
);

/* Num: 170 */
INSERT INTO attacca(virus_conosciuto_nome, sistema_afflitto_nome)
VALUES
(
'VBS.Downloader.C', 'Linux'
);

/* Num: 171 */
INSERT INTO attacca(virus_conosciuto_nome, sistema_afflitto_nome)
VALUES
(
'Linux.Masuta', 'MacOS'
);

/* Num: 172 */
INSERT INTO attacca(virus_conosciuto_nome, sistema_afflitto_nome)
VALUES
(
'Netview', 'Windows'
);

/* Num: 173 */
INSERT INTO attacca(virus_conosciuto_nome, sistema_afflitto_nome)
VALUES
(
'Ransom.Bitpaymer', 'Android'
);

/* Num: 174 */
INSERT INTO attacca(virus_conosciuto_nome, sistema_afflitto_nome)
VALUES
(
'ZUC', 'Linux'
);

/* Num: 175 */
INSERT INTO attacca(virus_conosciuto_nome, sistema_afflitto_nome)
VALUES
(
'Linux.Duckbot', 'MacOS'
);

/* Num: 176 */
INSERT INTO attacca(virus_conosciuto_nome, sistema_afflitto_nome)
VALUES
(
'KvmSecure', 'Windows'
);

/* Num: 177 */
INSERT INTO attacca(virus_conosciuto_nome, sistema_afflitto_nome)
VALUES
(
'Unix.LinuxEncoder', 'Android'
);

/* Num: 178 */
INSERT INTO attacca(virus_conosciuto_nome, sistema_afflitto_nome)
VALUES
(
'W97M.Astraunlock', 'Linux'
);

/* Num: 179 */
INSERT INTO attacca(virus_conosciuto_nome, sistema_afflitto_nome)
VALUES
(
'Downloader.Pocode', 'MacOS'
);

/* Num: 180 */
INSERT INTO attacca(virus_conosciuto_nome, sistema_afflitto_nome)
VALUES
(
'JS.Nemucod!g2', 'Windows'
);

/* Num: 181 */
INSERT INTO attacca(virus_conosciuto_nome, sistema_afflitto_nome)
VALUES
(
'Exp.CVE-2019-0752', 'Windows'
);

/* Num: 182 */
INSERT INTO attacca(virus_conosciuto_nome, sistema_afflitto_nome)
VALUES
(
'Genieo', 'Linux'
);

/* Num: 183 */
INSERT INTO attacca(virus_conosciuto_nome, sistema_afflitto_nome)
VALUES
(
'Ng.695', 'MacOS'
);

/* Num: 184 */
INSERT INTO attacca(virus_conosciuto_nome, sistema_afflitto_nome)
VALUES
(
'OSX.Windtail', 'Windows'
);

/* Num: 185 */
INSERT INTO attacca(virus_conosciuto_nome, sistema_afflitto_nome)
VALUES
(
'OSX.AMCleaner', 'Windows'
);

/* Num: 186 */
INSERT INTO attacca(virus_conosciuto_nome, sistema_afflitto_nome)
VALUES
(
'Yankee Doodle', 'Linux'
);

/* Num: 187 */
INSERT INTO attacca(virus_conosciuto_nome, sistema_afflitto_nome)
VALUES
(
'Zlatko', 'MacOS'
);

/* Num: 188 */
INSERT INTO attacca(virus_conosciuto_nome, sistema_afflitto_nome)
VALUES
(
'Ransom.Robbinhood', 'Windows'
);

/* Num: 189 */
INSERT INTO attacca(virus_conosciuto_nome, sistema_afflitto_nome)
VALUES
(
'VBS.Heur.SNIC.2', 'Windows'
);

/* Num: 190 */
INSERT INTO attacca(virus_conosciuto_nome, sistema_afflitto_nome)
VALUES
(
'XM.Joray', 'Linux'
);

/* Num: 191 */
INSERT INTO attacca(virus_conosciuto_nome, sistema_afflitto_nome)
VALUES
(
'ZZ331 Virus Hoax', 'Windows'
);

/* Num: 192 */
INSERT INTO attacca(virus_conosciuto_nome, sistema_afflitto_nome)
VALUES
(
'Miner.Cpuminer', 'Windows'
);

/* Num: 193 */
INSERT INTO attacca(virus_conosciuto_nome, sistema_afflitto_nome)
VALUES
(
'KidControl', 'Android'
);

/* Num: 194 */
INSERT INTO attacca(virus_conosciuto_nome, sistema_afflitto_nome)
VALUES
(
'ACM.Excel!g25', 'Linux'
);

/* Num: 195 */
INSERT INTO attacca(virus_conosciuto_nome, sistema_afflitto_nome)
VALUES
(
'FreeBSD.Scalper.Worm', 'Windows'
);

/* Num: 196 */
INSERT INTO attacca(virus_conosciuto_nome, sistema_afflitto_nome)
VALUES
(
'Hacktool.Rebeus', 'Windows'
);

/* Num: 197 */
INSERT INTO attacca(virus_conosciuto_nome, sistema_afflitto_nome)
VALUES
(
'Keychaindump', 'Android'
);

/* Num: 198 */
INSERT INTO attacca(virus_conosciuto_nome, sistema_afflitto_nome)
VALUES
(
'UltraDefragFraud!gen13', 'Linux'
);

/* Num: 199 */
INSERT INTO attacca(virus_conosciuto_nome, sistema_afflitto_nome)
VALUES
(
'UltraDefragFraud!gen14', 'Windows'
);

/* Num: 200 */
INSERT INTO attacca(virus_conosciuto_nome, sistema_afflitto_nome)
VALUES
(
'UltraDefragFraud!gen15', 'Windows'
);

/* Num: 201 */
INSERT INTO attacca(virus_conosciuto_nome, sistema_afflitto_nome)
VALUES
(
'X97M.Romnum', 'Android'
);

/* Num: 202 */
INSERT INTO attacca(virus_conosciuto_nome, sistema_afflitto_nome)
VALUES
(
'UltraDefragFraud!gen16', 'Linux'
);

/* Num: 203 */
INSERT INTO attacca(virus_conosciuto_nome, sistema_afflitto_nome)
VALUES
(
'UltraDefragFraud!gen17', 'Windows'
);

/* Num: 204 */
INSERT INTO attacca(virus_conosciuto_nome, sistema_afflitto_nome)
VALUES
(
'UltraDefragFraud!gen18', 'Windows'
);

/* Num: 205 */
INSERT INTO attacca(virus_conosciuto_nome, sistema_afflitto_nome)
VALUES
(
'Ransom.Ryuk!gen1', 'Android'
);

/* Num: 206 */
INSERT INTO attacca(virus_conosciuto_nome, sistema_afflitto_nome)
VALUES
(
'VBS.Cloud.1', 'Linux'
);

/* Num: 207 */
INSERT INTO attacca(virus_conosciuto_nome, sistema_afflitto_nome)
VALUES
(
'XM.Mailcab@mm', 'Windows'
);

/* Num: 208 */
INSERT INTO attacca(virus_conosciuto_nome, sistema_afflitto_nome)
VALUES
(
'CL.Downloader!gen112', 'Windows'
);

/* Num: 209 */
INSERT INTO attacca(virus_conosciuto_nome, sistema_afflitto_nome)
VALUES
(
'Exp.CVE-2019-0888', 'Android'
);

/* Num: 210 */
INSERT INTO attacca(virus_conosciuto_nome, sistema_afflitto_nome)
VALUES
(
'FakeCloudAV2012', 'Linux'
);

/* Num: 211 */
INSERT INTO attacca(virus_conosciuto_nome, sistema_afflitto_nome)
VALUES
(
'MSH.Backdoor', 'Windows'
);

/* Num: 212 */
INSERT INTO attacca(virus_conosciuto_nome, sistema_afflitto_nome)
VALUES
(
'Netbus.Patcher', 'Windows'
);

/* Num: 213 */
INSERT INTO attacca(virus_conosciuto_nome, sistema_afflitto_nome)
VALUES
(
'UltraDefragFraud!gen10', 'Android'
);

/* Num: 214 */
INSERT INTO attacca(virus_conosciuto_nome, sistema_afflitto_nome)
VALUES
(
'XpAntivirus!gen1', 'Linux'
);

/* Num: 215 */
INSERT INTO attacca(virus_conosciuto_nome, sistema_afflitto_nome)
VALUES
(
'Gamevance!gen4', 'MacOS'
);

/* Num: 216 */
INSERT INTO attacca(virus_conosciuto_nome, sistema_afflitto_nome)
VALUES
(
'UltraDefragFraud!gen11', 'Windows'
);

/* Num: 217 */
INSERT INTO attacca(virus_conosciuto_nome, sistema_afflitto_nome)
VALUES
(
'Firepass', 'Android'
);

/* Num: 218 */
INSERT INTO attacca(virus_conosciuto_nome, sistema_afflitto_nome)
VALUES
(
'Unix.LinuxEncoder.B', 'Linux'
);

/* Num: 219 */
INSERT INTO attacca(virus_conosciuto_nome, sistema_afflitto_nome)
VALUES
(
'X97M.Ecmetsys', 'MacOS'
);

/* Num: 220 */
INSERT INTO attacca(virus_conosciuto_nome, sistema_afflitto_nome)
VALUES
(
'Joke.Clippy', 'Windows'
);

/* Num: 221 */
INSERT INTO attacca(virus_conosciuto_nome, sistema_afflitto_nome)
VALUES
(
'Linux.Masuta.B', 'Android'
);

/* Num: 222 */
INSERT INTO attacca(virus_conosciuto_nome, sistema_afflitto_nome)
VALUES
(
'NortelAntivirus', 'Windows'
);

/* Num: 223 */
INSERT INTO attacca(virus_conosciuto_nome, sistema_afflitto_nome)
VALUES
(
'Downloader.Miner', 'MacOS'
);

/* Num: 224 */
INSERT INTO attacca(virus_conosciuto_nome, sistema_afflitto_nome)
VALUES
(
'GuardCenter', 'Windows'
);

/* Num: 225 */
INSERT INTO attacca(virus_conosciuto_nome, sistema_afflitto_nome)
VALUES
(
'Kerbcrack', 'Windows'
);

/* Num: 226 */
INSERT INTO attacca(virus_conosciuto_nome, sistema_afflitto_nome)
VALUES
(
'Keylogger.Mose', 'Linux'
);

/* Num: 227 */
INSERT INTO attacca(virus_conosciuto_nome, sistema_afflitto_nome)
VALUES
(
'Miner.Neoscrypt', 'Windows'
);

/* Num: 228 */
INSERT INTO attacca(virus_conosciuto_nome, sistema_afflitto_nome)
VALUES
(
'Quandary', 'Windows'
);

/* Num: 229 */
INSERT INTO attacca(virus_conosciuto_nome, sistema_afflitto_nome)
VALUES
(
'YahooSpyMon', 'Windows'
);

/* Num: 230 */
INSERT INTO attacca(virus_conosciuto_nome, sistema_afflitto_nome)
VALUES
(
'Kazaap', 'Windows'
);

/* Num: 231 */
INSERT INTO attacca(virus_conosciuto_nome, sistema_afflitto_nome)
VALUES
(
'Miner.Burst', 'MacOS'
);

/* Num: 232 */
INSERT INTO attacca(virus_conosciuto_nome, sistema_afflitto_nome)
VALUES
(
'XF.Lugunay!dam', 'Windows'
);

/* Num: 233 */
INSERT INTO attacca(virus_conosciuto_nome, sistema_afflitto_nome)
VALUES
(
'Zeton.Mirc', 'Windows'
);

/* Num: 234 */
INSERT INTO attacca(virus_conosciuto_nome, sistema_afflitto_nome)
VALUES
(
'YIM Hard drive killer Hoax', 'Linux'
);

/* Num: 235 */
INSERT INTO attacca(virus_conosciuto_nome, sistema_afflitto_nome)
VALUES
(
'Linux.Satori.B', 'MacOS'
);

/* Num: 236 */
INSERT INTO attacca(virus_conosciuto_nome, sistema_afflitto_nome)
VALUES
(
'NetCat', 'Windows'
);

/* Num: 237 */
INSERT INTO attacca(virus_conosciuto_nome, sistema_afflitto_nome)
VALUES
(
'XF.Padrepex', 'Windows'
);

/* Num: 238 */
INSERT INTO attacca(virus_conosciuto_nome, sistema_afflitto_nome)
VALUES
(
'Keylogger.Cone.Trojan', 'Windows'
);

/* Num: 239 */
INSERT INTO attacca(virus_conosciuto_nome, sistema_afflitto_nome)
VALUES
(
'Ransom.Maze', 'Windows'
);

/* Num: 240 */
INSERT INTO attacca(virus_conosciuto_nome, sistema_afflitto_nome)
VALUES
(
'FreeBSD.Rootkit', 'Windows'
);

/* Num: 241 */
INSERT INTO attacca(virus_conosciuto_nome, sistema_afflitto_nome)
VALUES
(
'FileFixProfessional', 'Windows'
);

/* Num: 242 */
INSERT INTO attacca(virus_conosciuto_nome, sistema_afflitto_nome)
VALUES
(
'VBS.Downloader!gen4', 'Linux'
);

/* Num: 243 */
INSERT INTO attacca(virus_conosciuto_nome, sistema_afflitto_nome)
VALUES
(
'Hacktool.Sharpdpapi', 'MacOS'
);

/* Num: 244 */
INSERT INTO attacca(virus_conosciuto_nome, sistema_afflitto_nome)
VALUES
(
'Ydaerla', 'Windows'
);

/* Num: 245 */
INSERT INTO attacca(virus_conosciuto_nome, sistema_afflitto_nome)
VALUES
(
'Trojan.Golpiks', 'Linux'
);

/* Num: 246 */
INSERT INTO attacca(virus_conosciuto_nome, sistema_afflitto_nome)
VALUES
(
'VBS.Downloader!gen5', 'Windows'
);

/* Num: 247 */
INSERT INTO attacca(virus_conosciuto_nome, sistema_afflitto_nome)
VALUES
(
'November_17th.855.A', 'Windows'
);

/* Num: 248 */
INSERT INTO attacca(virus_conosciuto_nome, sistema_afflitto_nome)
VALUES
(
'Npox-963.A', 'Windows'
);

/* Num: 249 */
INSERT INTO attacca(virus_conosciuto_nome, sistema_afflitto_nome)
VALUES
(
'Year 1992 (x)', 'Windows'
);

/* Num: 250 */
INSERT INTO attacca(virus_conosciuto_nome, sistema_afflitto_nome)
VALUES
(
'OSX.Netweird.B', 'Windows'
);


/* Tabella Log Scansione */
/* Num: 1 */
INSERT INTO log_scansione(data_inizio, data_completamento, n_oggetti_controllati, versione_database, antivirus_nome)
VALUES
(
'2019-07-11 17:49:01', '2019-07-11 17:59:01', 4864156, 12, 'Avast Premium Security'
);

/* Num: 2 */
INSERT INTO log_scansione(data_inizio, data_completamento, n_oggetti_controllati, versione_database, antivirus_nome)
VALUES
(
'2019-10-02 14:23:00', '2019-10-02 15:23:00', 4543354, 43, 'AVG Antivirus'
);

/* Num: 3 */
INSERT INTO log_scansione(data_inizio, data_completamento, n_oggetti_controllati, versione_database, antivirus_nome)
VALUES
(
'2019-02-05 08:30:36', '2019-02-05 08:44:36', 12564, 54, 'Bitdefender Antivirus Plus'
);

/* Num: 4 */
INSERT INTO log_scansione(data_inizio, data_completamento, n_oggetti_controllati, versione_database, antivirus_nome)
VALUES
(
'2019-09-18 19:32:52', '2019-09-18 19:52:52', 9874321, 72, 'ESET NOD32 Antivirus'
);

/* Num: 5 */
INSERT INTO log_scansione(data_inizio, data_completamento, n_oggetti_controllati, versione_database, antivirus_nome)
VALUES
(
'2019-01-26 19:04:11', '2019-01-26 19:24:11', 21458741, 234, 'Norton 360'
);

/* Num: 6 */
INSERT INTO log_scansione(data_inizio, data_completamento, n_oggetti_controllati, versione_database, antivirus_nome)
VALUES
(
'2019-07-02 03:06:57', '2019-07-02 04:06:57', 14651, 324, 'Avast Premium Security'
);

/* Num: 7 */
INSERT INTO log_scansione(data_inizio, data_completamento, n_oggetti_controllati, versione_database, antivirus_nome)
VALUES
(
'2020-01-09 17:31:02', '2020-01-09 17:39:02', 562564, 654, 'AVG Antivirus'
);

/* Num: 8 */
INSERT INTO log_scansione(data_inizio, data_completamento, n_oggetti_controllati, versione_database, antivirus_nome)
VALUES
(
'2019-10-28 06:04:10', '2019-10-28 06:44:10', 156456, 23, 'Bitdefender Antivirus Plus'
);

/* Num: 9 */
INSERT INTO log_scansione(data_inizio, data_completamento, n_oggetti_controllati, versione_database, antivirus_nome)
VALUES
(
'2019-08-23 21:54:24', '2019-08-23 21:59:24', 36125, 342, 'ESET NOD32 Antivirus'
);

/* Num: 10 */
INSERT INTO log_scansione(data_inizio, data_completamento, n_oggetti_controllati, versione_database, antivirus_nome)
VALUES
(
'2019-11-17 22:18:10', '2019-11-17 22:44:10', 4292163, 193, 'Bitdefender Antivirus Plus'
);


/* Tabella Quarantena */
/* Num: 1 */
INSERT INTO quarantena(motivo, dataq, dimensione, n_totale)
VALUES
(
'una variante di Win64/SystemRequirementsLab', '2019-07-12', 145.21, 1
);

/* Num: 2 */
INSERT INTO quarantena(motivo, dataq, dimensione, n_totale)
VALUES
(
'una variante di Win32/Kryptik.SF trojan horse', '2019-10-03', 9874.45, 3
);

/* Num: 3 */
INSERT INTO quarantena(motivo, dataq, dimensione, n_totale)
VALUES
(
'una variante di Win32/10bit.Z', '2019-02-06', 414.97, 4
);

/* Num: 4 */
INSERT INTO quarantena(motivo, dataq, dimensione, n_totale)
VALUES
(
'una variante di Win32/10bit', '2019-09-17', 414.54, 1
);

/* Num: 5 */
INSERT INTO quarantena(motivo, dataq, dimensione, n_totale)
VALUES
(
'una variante di MSIL/WebCompanion.AA', '2019-01-27', 124.98, 2
);

/* Num: 6 */
INSERT INTO quarantena(motivo, dataq, dimensione, n_totale)
VALUES
(
'una variante di MSIL/WebCompanion.A', '2019-07-03', 1244.92, 4
);

/* Num: 7 */
INSERT INTO quarantena(motivo, dataq, dimensione, n_totale)
VALUES
(
'una variante di Win32/10bit.X', '2020-01-10', 4124.42, 6
);

/* Num: 8 */
INSERT INTO quarantena(motivo, dataq, dimensione, n_totale)
VALUES
(
'una variante di Win32/10bit.Y', '2019-10-29', 9328.34, 9
);

/* Num: 9 */
INSERT INTO quarantena(motivo, dataq, dimensione, n_totale)
VALUES
(
'JS/Redirector.NDS trojan horse', '2019-08-24', 3245.32, 4
);

/* Num: 10 */
INSERT INTO quarantena(motivo, dataq, dimensione, n_totale)
VALUES
(
'JS/CoinMiner.CH', '2019-11-17', 54325.34, 1
);

/* Num: 11 */
INSERT INTO quarantena(motivo, dataq, dimensione, n_totale)
VALUES
(
'JS/CoinMiner.CP', '2019-11-18', 3262.44, 3
);

/* Num: 12 */
INSERT INTO quarantena(motivo, dataq, dimensione, n_totale)
VALUES
(
'JS/CoinMiner.CL', '2019-11-19', 3252.94, 5
);

/* Num: 13 */
INSERT INTO quarantena(motivo, dataq, dimensione, n_totale)
VALUES
(
'1S/CoinMiner.JK', '2019-11-20', 436.73, 9
);

/* Num: 14 */
INSERT INTO quarantena(motivo, dataq, dimensione, n_totale)
VALUES
(
'1S/CoinMiner.DH', '2019-11-21', 3452.95, 5
);


/* Tabella Virus */
/* Num: 1 */
INSERT INTO virus(nome, data_rilevamento, percorso, tipo, quarantena_motivo)
VALUES
(
'Win64/SystemRequirementsLab', '2019-07-12', 'C:/nasa.gov/in.jsp', 'Trojan', 'una variante di Win64/SystemRequirementsLab'
);

/* Num: 2 */
INSERT INTO virus(nome, data_rilevamento, percorso, tipo, quarantena_motivo)
VALUES
(
'Win32/Kryptik.SF trojan horse', '2019-10-03', 'C:/mayoclinic/diam/vitae/quam/suspei.html', 'Trojan', 'una variante di Win32/Kryptik.SF trojan horse'
);

/* Num: 3 */
INSERT INTO virus(nome, data_rilevamento, percorso, tipo, quarantena_motivo)
VALUES
(
'Win32/10bit.Z', '2019-02-06', 'D:/wiscu/cum.html', 'Trojan', 'una variante di Win32/10bit.Z'
);

/* Num: 4 */
INSERT INTO virus(nome, data_rilevamento, percorso, tipo, quarantena_motivo)
VALUES
(
'Win32/10bit', '2019-09-17', 'E:/forbes/orci/eget/orci/vehicula/cond.exe', 'Trojan', 'una variante di Win32/10bit'
);

/* Num: 5 */
INSERT INTO virus(nome, data_rilevamento, percorso, tipo, quarantena_motivo)
VALUES
(
'MSIL/WebCompanion.AA', '2019-01-27', 'C:/cbslocal/consectetuer/adipiscing.js', 'Trojan', 'una variante di MSIL/WebCompanion.AA'
);

/* Num: 6 */
INSERT INTO virus(nome, data_rilevamento, percorso, tipo, quarantena_motivo)
VALUES
(
'MSIL/WebCompanion.A', '2019-07-03', 'C:/bravesites/ut/dolor/morbi/vel/lectus/in.jpg', 'Trojan', 'una variante di MSIL/WebCompanion.A'
);

/* Num: 7 */
INSERT INTO virus(nome, data_rilevamento, percorso, tipo, quarantena_motivo)
VALUES
(
'Win32/10bit.X', '2020-01-10', 'C:/usnews/tincidunt/in/leopulvinar/lobortis.aspx', 'Trojan', 'una variante di Win32/10bit.X'
);

/* Num: 8 */
INSERT INTO virus(nome, data_rilevamento, percorso, tipo, quarantena_motivo)
VALUES
(
'Win32/10bit.Y', '2019-10-29', 'D:/toplist/metus/sapien/ut.json', 'Trojan', 'una variante di Win32/10bit.Y'
);

/* Num: 9 */
INSERT INTO virus(nome, data_rilevamento, percorso, tipo, quarantena_motivo)
VALUES
(
'JS/Redirector.NDS trojan horse', '2019-08-24', 'C:/hibu/pulvinar/lobortis.html', 'Trojan', 'JS/Redirector.NDS trojan horse'
);

/* Num: 10 */
INSERT INTO virus(nome, data_rilevamento, percorso, tipo, quarantena_motivo)
VALUES
(
'JS/CoinMiner.CH', '2019-11-17', 'C:/i2i.jp/dui/proin.aspx', 'Miner', 'JS/CoinMiner.CH'
);

/* Num: 11 */
INSERT INTO virus(nome, data_rilevamento, percorso, tipo, quarantena_motivo)
VALUES
(
'JS/CoinMiner.CP', '2019-11-18', 'E:/kickstarter/cubilia/curae/pharetra/magna.xml', 'Miner', 'JS/CoinMiner.CP'
);

/* Num: 12 */
INSERT INTO virus(nome, data_rilevamento, percorso, tipo, quarantena_motivo)
VALUES
(
'JS/CoinMiner.CL', '2019-11-19', 'C:/wikipedia/volutpat.jsp', 'Miner', 'JS/CoinMiner.CL'
);

/* Num: 13 */
INSERT INTO virus(nome, data_rilevamento, percorso, tipo, quarantena_motivo)
VALUES
(
'1S/CoinMiner.JK', '2019-11-20', 't.co/eu/magna/vulputate/luctus/cum/sociis.js', 'Miner', '1S/CoinMiner.JK'
);

/* Num: 14 */
INSERT INTO virus(nome, data_rilevamento, percorso, tipo, quarantena_motivo)
VALUES
(
'1S/CoinMiner.DH', '2019-11-21', 'C:/webnode/vestibulum/cum/sociis/natoque.json', 'Miner', '1S/CoinMiner.DH'
);

/* Num: 15 */
INSERT INTO virus(nome, data_rilevamento, percorso, tipo)
VALUES
(
'ACM.Excel!g255', '2019-12-17', 'C:/webs/in/lacus/curabitur/at.png', 'Trojan'
);

/* Num: 16 */
INSERT INTO virus(nome, data_rilevamento, percorso, tipo)
VALUES
(
'Backdoor.Gocon', '2019-12-22', 'C:/enim/in/tempor/turpis.png', 'Trojan'
);

/* Num: 17 */
INSERT INTO virus(nome, data_rilevamento, percorso, tipo)
VALUES
(
'CL.Downloader!gen144', '2019-12-15', 'C:/e-recht24./pulvinar/nulla/pede.jpg', 'Trojan'
);

/* Num: 18 */
INSERT INTO virus(nome, data_rilevamento, percorso, tipo)
VALUES
(
'Downloader.Keapot', '2019-12-17', 'F:/webmd/donec/posuere/metus.jsp', 'Trojan'
);

/* Num: 19 */
INSERT INTO virus(nome, data_rilevamento, percorso, tipo)
VALUES
(
'Gamevance!gen6', '2019-12-16', 'C:/nydailynews/ultrices/enim.jpg', 'Trojan'
);

/* Num: 20 */
INSERT INTO virus(nome, data_rilevamento, percorso, tipo)
VALUES
(
'CL.Downloader!gen130', '2019-11-15', 'C:/seattletimes/vulputate/nulla/facilisi/cra.bat', 'Trojan'
);

/* Num: 21 */
INSERT INTO virus(nome, data_rilevamento, percorso, tipo)
VALUES
(
'Downloader.Zacinlo', '2019-12-20', 'E:/biblegateway/sem/duis/aliquam.aspx', 'Trojan'
);

/* Num: 22 */
INSERT INTO virus(nome, data_rilevamento, percorso, tipo)
VALUES
(
'CL.Downloader!gen110', '2019-12-22', 'dot.gov/ante/ipsum/primis/in.png', 'Trojan'
);

/* Num: 23 */
INSERT INTO virus(nome, data_rilevamento, percorso, tipo)
VALUES
(
'Exp.CVE-2017-11882!g4', '2019-12-17', 'C:/narod/quis/turpis/eget/elit/sodale.exe', 'Trojan'
);

/* Num: 24 */
INSERT INTO virus(nome, data_rilevamento, percorso, tipo)
VALUES
(
'Exp.CVE-2019-0859', '2019-12-21', 'wikimedia.org/hendrerit.aspx', 'Trojan'
);

/* Num: 25 */
INSERT INTO virus(nome, data_rilevamento, percorso, tipo)
VALUES
(
'Miner.Softminer', '2019-12-26', 'C:/odnoklassniki.ru/sapien/arcu/erat.json', 'Trojan'
);

/* Num: 26 */
INSERT INTO virus(nome, data_rilevamento, percorso, tipo)
VALUES
(
'Netbus.160.Dropper', '2019-11-27', 'D:/so-net.ne.jp/odio/elementum/eu/interdum.xml', 'Trojan'
);


/* Tabella Rileva */
/* Num: 1 */
INSERT INTO rileva(virus_nome, antivirus_nome, n_virus_rilevati)
VALUES
(
'Win64/SystemRequirementsLab', 'Avast Premium Security', 1
);

/* Num: 2 */
INSERT INTO rileva(virus_nome, antivirus_nome, n_virus_rilevati)
VALUES
(
'Win32/Kryptik.SF trojan horse', 'AVG Antivirus', 12
);

/* Num: 3 */
INSERT INTO rileva(virus_nome, antivirus_nome, n_virus_rilevati)
VALUES
(
'Win32/10bit.Z', 'Bitdefender Antivirus Plus', 3
);

/* Num: 4 */
INSERT INTO rileva(virus_nome, antivirus_nome, n_virus_rilevati)
VALUES
(
'Win32/10bit', 'Immunet', 21
);

/* Num: 5 */
INSERT INTO rileva(virus_nome, antivirus_nome, n_virus_rilevati)
VALUES
(
'MSIL/WebCompanion.AA', 'ClamWin', 5
);

/* Num: 6 */
INSERT INTO rileva(virus_nome, antivirus_nome, n_virus_rilevati)
VALUES
(
'MSIL/WebCompanion.A', 'Comodo Internet Security', 1
);

/* Num: 7 */
INSERT INTO rileva(virus_nome, antivirus_nome, n_virus_rilevati)
VALUES
(
'Win32/10bit.X', 'ESET NOD32 Antivirus', 2
);

/* Num: 8 */
INSERT INTO rileva(virus_nome, antivirus_nome, n_virus_rilevati)
VALUES
(
'Win32/10bit.Y', 'Kaspersky Total Security', 14
);

/* Num: 9 */
INSERT INTO rileva(virus_nome, antivirus_nome, n_virus_rilevati)
VALUES
(
'JS/Redirector.NDS trojan horse', 'McAfee Antivirus', 9
);

/* Num: 10 */
INSERT INTO rileva(virus_nome, antivirus_nome, n_virus_rilevati)
VALUES
(
'JS/CoinMiner.CH', 'Norton 360', 10
);

/* Num: 11 */
INSERT INTO rileva(virus_nome, antivirus_nome, n_virus_rilevati)
VALUES
(
'JS/CoinMiner.CP', 'Avast Premium Security', 12
);

/* Num: 12 */
INSERT INTO rileva(virus_nome, antivirus_nome, n_virus_rilevati)
VALUES
(
'JS/CoinMiner.CL', 'AVG Antivirus', 12
);

/* Num: 13 */
INSERT INTO rileva(virus_nome, antivirus_nome, n_virus_rilevati)
VALUES
(
'1S/CoinMiner.JK', 'Bitdefender Antivirus Plus', 4
);

/* Num: 14 */
INSERT INTO rileva(virus_nome, antivirus_nome, n_virus_rilevati)
VALUES
(
'1S/CoinMiner.DH', 'Immunet', 13
);

/* Num: 15 */
INSERT INTO rileva(virus_nome, antivirus_nome, n_virus_rilevati)
VALUES
(
'ACM.Excel!g255', 'ClamWin', 12
);

/* Num: 16 */
INSERT INTO rileva(virus_nome, antivirus_nome, n_virus_rilevati)
VALUES
(
'Backdoor.Gocon', 'Comodo Internet Security', 21
);

/* Num: 17 */
INSERT INTO rileva(virus_nome, antivirus_nome, n_virus_rilevati)
VALUES
(
'CL.Downloader!gen144', 'ESET NOD32 Antivirus', 2
);

/* Num: 18 */
INSERT INTO rileva(virus_nome, antivirus_nome, n_virus_rilevati)
VALUES
(
'Downloader.Keapot', 'Kaspersky Total Security', 2
);

/* Num: 19 */
INSERT INTO rileva(virus_nome, antivirus_nome, n_virus_rilevati)
VALUES
(
'Gamevance!gen6', 'McAfee Antivirus', 1
);

/* Num: 20 */
INSERT INTO rileva(virus_nome, antivirus_nome, n_virus_rilevati)
VALUES
(
'CL.Downloader!gen130', 'Norton 360', 3
);

/* Num: 21 */
INSERT INTO rileva(virus_nome, antivirus_nome, n_virus_rilevati)
VALUES
(
'Downloader.Zacinlo', 'Avast Premium Security', 21
);

/* Num: 22 */
INSERT INTO rileva(virus_nome, antivirus_nome, n_virus_rilevati)
VALUES
(
'CL.Downloader!gen110', 'AVG Antivirus', 4
);

/* Num: 23 */
INSERT INTO rileva(virus_nome, antivirus_nome, n_virus_rilevati)
VALUES
(
'Exp.CVE-2017-11882!g4', 'Bitdefender Antivirus Plus', 17
);

/* Num: 24 */
INSERT INTO rileva(virus_nome, antivirus_nome, n_virus_rilevati)
VALUES
(
'Exp.CVE-2019-0859', 'Immunet', 18
);

/* Num: 25 */
INSERT INTO rileva(virus_nome, antivirus_nome, n_virus_rilevati)
VALUES
(
'Miner.Softminer', 'ClamWin', 5
);

/* Num: 26 */
INSERT INTO rileva(virus_nome, antivirus_nome, n_virus_rilevati)
VALUES
(
'Netbus.160.Dropper', 'ESET NOD32 Antivirus', 20
);


